id,round,mode,controlled_valid,prompt,generation,context,threads,batch,ubatch,attention,prefill_tok_s,decode_tok_s,total_response_s,ttft_s,handoff_ms,first_decode_s,initialization_s,postload_admission_s,max_RSS_MiB,min_MemAvailable_MiB,kv_copy_MiB,weight_copy_bytes
mistral7-untraced-2K-20261005T084757Z-round0-cpu,0,CPU,True,2048,128,2560,6,512,256,on,20.688400451,6.272427116,119.593622506,98.993101472,0.0,0.146664531,6.079720727,18.045396659,7323.20703125,3390.20703125,0.0,0
mistral7-untraced-2K-20261005T084757Z-round0-gpu,0,full-NPU,True,2048,128,2560,6,512,256,on,332.265027721,3.923180826,38.540879464,6.164394268,0.0,0.266952135,10.254250933,10.033433434,4183.18359375,3199.84375,0.0,0
mistral7-untraced-2K-20261005T084757Z-round0-hybrid,0,NPU-prefill-CPU-decode,True,2048,128,2560,6,512,256,on,339.420923446,7.117474123,24.191520407,6.033945883,142.675,0.634782708,10.157751975,10.029568798,4454.3046875,3363.6015625,320.0,0
mistral7-untraced-2K-20261005T084757Z-round1-hybrid,1,NPU-prefill-CPU-decode,True,2048,128,2560,6,512,256,on,335.171539308,4.277090563,36.133065247,6.110498592,183.572,0.695352083,7.653420102,18.050507962,4454.09765625,3236.08984375,320.0,0
mistral7-untraced-2K-20261005T084757Z-round1-cpu,1,CPU,True,2048,128,2560,6,512,256,on,23.168502984,6.252219153,109.093809125,88.396265591,0.0,0.155078906,5.178436352,38.081724517,7598.0,3694.92578125,0.0,0
mistral7-untraced-2K-20261005T084757Z-round1-gpu,1,full-NPU,True,2048,128,2560,6,512,256,on,332.211242442,3.866119352,39.020783579,6.165071508,0.0,0.275393854,9.356631247,12.04475661,4184.1328125,2824.0859375,0.0,0
mistral7-untraced-2K-20261005T084757Z-round2-gpu,2,full-NPU,True,2048,128,2560,6,512,256,on,336.470237416,3.589422216,41.47774014,6.087044737,0.0,0.286908854,11.5961276,10.03966734,4144.109375,2965.94921875,0.0,0
mistral7-untraced-2K-20261005T084757Z-round2-hybrid,2,NPU-prefill-CPU-decode,True,2048,128,2560,6,512,256,on,330.550442287,6.152706592,27.192199677,6.195960675,212.264,0.754917344,10.263443433,12.027471975,4452.4140625,3372.484375,320.0,0
mistral7-untraced-2K-20261005T084757Z-round2-cpu,2,CPU,True,2048,128,2560,6,512,256,on,20.672965581,6.254470266,119.690138184,99.066876369,0.0,0.153757864,4.45799505,20.042215669,7598.8984375,3652.66015625,0.0,0
