run_id,controlled_complete,request_period_s,cpu_repack,scheduled_arrival_monotonic_s,service_start_monotonic_s,queue_delay_s,service_s,arrival_to_completion_s,missed_deadline,postload_admission_s,initial_CPU_max_C,initial_NPU_max_C,initial_GPU_max_C,initial_battery_C,iteration,monotonic_s,prompt,generation,decode_steps,context,threads,batch,ubatch,attention,device,ngl,prompt_hash,output_hash,reset_s,prefill_s,prefill_tok_s,ttft_s,decode_s,decode_tok_s,total_response_s,all_logits_finite
cadence600-foreground-20261004T151529Z-cpu-pp512tg128,True,20.0,True,488233.674361821,488233.674385415,2.3594e-05,7.59449005,7.594513956,False,10.016065413,41.6,40.1,40.0,32.4,0,488233.678174998,512,128,127,1024,6,512,128,on,none,0,15035156075086816172,15020329768554464592,0.003789219,3.326609739,153.910449428,3.326963853,4.263736874,29.786078211,7.590700831,True
cadence600-foreground-20261004T151529Z-cpu-pp512tg128,True,20.0,True,488253.674361821,488253.714050147,0.039688326,8.371681351,8.411369989,False,10.016065413,41.6,40.1,40.0,32.4,1,488253.715362907,512,128,127,1024,6,512,128,on,none,0,15035156075086816172,15020329768554464592,0.001312396,3.857762186,132.719430414,3.858169113,4.512199685,28.145917483,8.370368955,True
cadence600-foreground-20261004T151529Z-cpu-pp512tg128,True,20.0,True,488273.674361821,488273.681868629,0.007506808,8.667638381,8.675145503,False,10.016065413,41.6,40.1,40.0,32.4,2,488273.684676702,512,128,127,1024,6,512,128,on,none,0,15035156075086816172,15020329768554464592,0.00280776,4.060337654,126.097887326,4.060738332,4.604092185,27.584156637,8.664830621,True
cadence600-foreground-20261004T151529Z-cpu-pp512tg128,True,20.0,True,488293.674361821,488293.691834194,0.017472373,8.354880831,8.372353412,False,10.016065413,41.6,40.1,40.0,32.4,3,488293.694667371,512,128,127,1024,6,512,128,on,none,0,15035156075086816172,15020329768554464592,0.002832969,4.010206561,127.674221318,4.010611092,4.341436665,29.252989229,8.352047862,True
cadence600-foreground-20261004T151529Z-cpu-pp512tg128,True,20.0,True,488313.674361821,488313.689493093,0.015131272,8.315440881,8.330572362,False,10.016065413,41.6,40.1,40.0,32.4,4,488313.691167989,512,128,127,1024,6,512,128,on,none,0,15035156075086816172,15020329768554464592,0.001674635,3.946963852,129.719961773,3.947339998,4.366426144,29.085571543,8.313766246,True
cadence600-foreground-20261004T151529Z-cpu-pp512tg128,True,20.0,True,488333.674361821,488333.70571595,0.031354129,9.587843174,9.619197511,False,10.016065413,41.6,40.1,40.0,32.4,5,488333.7092147,512,128,127,1024,6,512,128,on,none,0,15035156075086816172,15020329768554464592,0.00349849,4.18398005,122.37152039,4.184380467,5.39996406,23.518675048,9.584344684,True
cadence600-foreground-20261004T151529Z-cpu-pp512tg128,True,20.0,True,488353.674361821,488353.685817557,0.011455736,8.496412705,8.507868753,False,10.016065413,41.6,40.1,40.0,32.4,6,488353.688647036,512,128,127,1024,6,512,128,on,none,0,15035156075086816172,15020329768554464592,0.002829115,4.079806873,125.496136444,4.080230363,4.413353071,28.77630635,8.49358359,True
cadence600-foreground-20261004T151529Z-cpu-pp512tg128,True,20.0,True,488373.674361821,488373.674623435,0.000261614,9.036050934,9.036312808,False,10.016065413,41.6,40.1,40.0,32.4,7,488373.676179424,512,128,127,1024,6,512,128,on,none,0,15035156075086816172,15020329768554464592,0.001555729,3.962353124,129.216146057,3.962777551,5.071717498,25.040826909,9.034495205,True
cadence600-foreground-20261004T151529Z-cpu-pp512tg128,True,20.0,True,488393.674361821,488393.699252437,0.024890616,10.109872704,10.134763529,False,10.016065413,41.6,40.1,40.0,32.4,8,488393.700423427,512,128,127,1024,6,512,128,on,none,0,15035156075086816172,15020329768554464592,0.001170729,4.551805363,112.48284124,4.552255102,5.556446717,22.856333637,10.108701975,True
cadence600-foreground-20261004T151529Z-cpu-pp512tg128,True,20.0,True,488413.674361821,488413.694695867,0.020334046,10.475569996,10.495904251,False,10.016065413,41.6,40.1,40.0,32.4,9,488413.695567638,512,128,127,1024,6,512,128,on,none,0,15035156075086816172,15020329768554464592,0.000871615,4.761407186,107.53123604,4.761845154,5.712853122,22.230573286,10.474698381,True
cadence600-foreground-20261004T151529Z-cpu-pp512tg128,True,20.0,True,488433.674361821,488433.70723586,0.032874039,10.588220152,10.621094451,False,10.016065413,41.6,40.1,40.0,32.4,10,488433.710898568,512,128,127,1024,6,512,128,on,none,0,15035156075086816172,15020329768554464592,0.0036625,4.830826977,105.985994207,4.831299373,5.753258175,22.074448276,10.584557652,True
cadence600-foreground-20261004T151529Z-cpu-pp512tg128,True,20.0,True,488453.674361821,488453.681071789,0.006709968,10.62253635,10.629246475,False,10.016065413,41.6,40.1,40.0,32.4,11,488453.684595956,512,128,127,1024,6,512,128,on,none,0,15035156075086816172,15020329768554464592,0.003523958,4.779636717,107.121111983,4.780110259,5.838901925,21.750665045,10.619012392,True
cadence600-foreground-20261004T151529Z-cpu-pp512tg128,True,20.0,True,488473.674361821,488473.691452199,0.017090378,10.905748589,10.922839175,False,10.016065413,41.6,40.1,40.0,32.4,12,488473.695373292,512,128,127,1024,6,512,128,on,none,0,15035156075086816172,15020329768554464592,0.003920885,4.690553071,109.155571262,4.690994321,6.210833279,20.448141867,10.901827704,True
cadence600-foreground-20261004T151529Z-cpu-pp512tg128,True,20.0,True,488493.674361821,488493.685651097,0.011289276,10.236333017,10.247622553,False,10.016065413,41.6,40.1,40.0,32.4,13,488493.688976774,512,128,127,1024,6,512,128,on,none,0,15035156075086816172,15020329768554464592,0.003325469,4.670343957,109.627899939,4.670817186,5.562190258,22.832732091,10.233007548,True
cadence600-foreground-20261004T151529Z-cpu-pp512tg128,True,20.0,True,488513.674361821,488513.7086626,0.034300779,10.620045464,10.654346556,False,10.016065413,41.6,40.1,40.0,32.4,14,488513.712451819,512,128,127,1024,6,512,128,on,none,0,15035156075086816172,15020329768554464592,0.003788906,4.878129841,104.958255866,4.878600935,5.737655519,22.134476282,10.616256558,True
cadence600-foreground-20261004T151529Z-cpu-pp512tg128,True,20.0,True,488533.674361821,488533.711792853,0.037431032,10.762192652,10.799623996,False,10.016065413,41.6,40.1,40.0,32.4,15,488533.715365196,512,128,127,1024,6,512,128,on,none,0,15035156075086816172,15020329768554464592,0.003572031,4.830058123,106.002865175,4.83052828,5.928092237,21.423418348,10.758620621,True
cadence600-foreground-20261004T151529Z-cpu-pp512tg128,True,20.0,True,488553.674361821,488553.707584824,0.033223003,10.367415882,10.400639145,False,10.016065413,41.6,40.1,40.0,32.4,16,488553.711493001,512,128,127,1024,6,512,128,on,none,0,15035156075086816172,15020329768554464592,0.003907969,4.835503853,105.883485065,4.835969217,5.52753854,22.975868749,10.363507913,True
cadence600-foreground-20261004T151529Z-cpu-pp512tg128,True,20.0,True,488573.674361821,488573.711143098,0.036781277,10.265007704,10.30178919,False,10.016065413,41.6,40.1,40.0,32.4,17,488573.714436796,512,128,127,1024,6,512,128,on,none,0,15035156075086816172,15020329768554464592,0.00329349,5.023305258,101.924922676,5.02376906,5.237944998,24.246149978,10.261714214,True
cadence600-foreground-20261004T151529Z-cpu-pp512tg128,True,20.0,True,488593.674361821,488593.710148299,0.035786478,10.947572964,10.98335965,False,10.016065413,41.6,40.1,40.0,32.4,18,488593.711107465,512,128,127,1024,6,512,128,on,none,0,15035156075086816172,15020329768554464592,0.000958958,4.846358696,105.646327917,4.846814842,6.099799008,20.820358152,10.946614006,True
cadence600-foreground-20261004T151529Z-cpu-pp512tg128,True,20.0,True,488613.674361821,488613.690019437,0.015657616,11.802669006,11.818326882,False,10.016065413,41.6,40.1,40.0,32.4,19,488613.692753031,512,128,127,1024,6,512,128,on,none,0,15035156075086816172,15020329768554464592,0.002733333,5.64289104,90.73363217,5.643431665,6.156503904,20.628590833,11.799935673,True
cadence600-foreground-20261004T151529Z-cpu-pp512tg128,True,20.0,True,488633.674361821,488633.723395627,0.049033806,12.151874631,12.200908749,False,10.016065413,41.6,40.1,40.0,32.4,20,488633.72714521,512,128,127,1024,6,512,128,on,none,0,15035156075086816172,15020329768554464592,0.003749271,5.658933227,90.476416572,5.659464686,6.488660518,19.572606649,12.14812536,True
cadence600-foreground-20261004T151529Z-cpu-pp512tg128,True,20.0,True,488653.674361821,488653.703961401,0.02959958,11.793273277,11.822873117,False,10.016065413,41.6,40.1,40.0,32.4,21,488653.707934057,512,128,127,1024,6,512,128,on,none,0,15035156075086816172,15020329768554464592,0.003972448,5.566680362,91.975821622,5.567184581,6.222116092,20.41106243,11.789300829,True
cadence600-foreground-20261004T151529Z-cpu-pp512tg128,True,20.0,True,488673.674361821,488673.684885508,0.010523687,11.643434162,11.653958161,False,10.016065413,41.6,40.1,40.0,32.4,22,488673.688361653,512,128,127,1024,6,512,128,on,none,0,15035156075086816172,15020329768554464592,0.003475833,5.633968071,90.877334331,5.634472706,6.005485518,21.147332654,11.639958329,True
cadence600-foreground-20261004T151529Z-cpu-pp512tg128,True,20.0,True,488693.674361821,488693.715845031,0.04148321,12.042240465,12.083723935,False,10.016065413,41.6,40.1,40.0,32.4,23,488693.718951125,512,128,127,1024,6,512,128,on,none,0,15035156075086816172,15020329768554464592,0.003105834,5.547454998,92.294574753,5.547986508,6.491147967,19.565106303,12.039134631,True
cadence600-foreground-20261004T151529Z-cpu-pp512tg128,True,20.0,True,488713.674361821,488713.694680076,0.020318255,12.059738173,12.080056688,False,10.016065413,41.6,40.1,40.0,32.4,24,488713.698354763,512,128,127,1024,6,512,128,on,none,0,15035156075086816172,15020329768554464592,0.003674375,5.536972446,92.469306104,5.53754781,6.518515882,19.482962426,12.056063798,True
cadence600-foreground-20261004T151529Z-cpu-pp512tg128,True,20.0,True,488733.674361821,488733.707013766,0.032651945,12.00181213,12.034464388,False,10.016065413,41.6,40.1,40.0,32.4,25,488733.710655433,512,128,127,1024,6,512,128,on,none,0,15035156075086816172,15020329768554464592,0.003641406,5.693709477,89.923801358,5.694284789,6.303885779,20.146304113,11.998170724,True
cadence600-foreground-20261004T151529Z-cpu-pp512tg128,True,20.0,True,488753.674361821,488753.692092404,0.017730583,11.969226611,11.986957506,False,10.016065413,41.6,40.1,40.0,32.4,26,488753.693806935,512,128,127,1024,6,512,128,on,none,0,15035156075086816172,15020329768554464592,0.001714219,5.678832759,90.159372837,5.679393904,6.288118383,20.196820776,11.967512392,True
cadence600-foreground-20261004T151529Z-cpu-pp512tg128,True,20.0,True,488773.674361821,488773.694623178,0.020261357,12.129346454,12.149608175,False,10.016065413,41.6,40.1,40.0,32.4,27,488773.697278386,512,128,127,1024,6,512,128,on,none,0,15035156075086816172,15020329768554464592,0.002654896,5.674599321,90.226634699,5.675262654,6.451428748,19.685561906,12.126691558,True
cadence600-foreground-20261004T151529Z-cpu-pp512tg128,True,20.0,True,488793.674361821,488793.709177389,0.034815568,12.509715621,12.544531449,False,10.016065413,41.6,40.1,40.0,32.4,28,488793.712830722,512,128,127,1024,6,512,128,on,none,0,15035156075086816172,15020329768554464592,0.003653073,5.492698436,93.21465687,5.493230779,7.012831612,18.109660552,12.506062548,True
cadence600-foreground-20261004T151529Z-cpu-pp512tg128,True,20.0,True,488813.674361821,488813.69687035,0.022508529,11.993122443,12.015631181,False,10.016065413,41.6,40.1,40.0,32.4,29,488813.698013892,512,128,127,1024,6,512,128,on,none,0,15035156075086816172,15020329768554464592,0.001143333,5.803907341,88.216432468,5.804439685,6.18753932,20.525122093,11.99197911,True
cadence600-foreground-20261004T151529Z-npu-pp512tg128,True,20.0,True,489050.62124802,489050.621269374,2.1354e-05,4.394485416,4.394507082,False,68.063874401,42.4,42.8,41.6,35.6,0,489050.623642916,512,128,127,1024,6,512,128,on,HTP0,99,15035156075086816172,15020329768554464592,0.002373178,0.391514635,1307.741663348,0.392487812,3.999624217,31.752983058,4.392112238,True
cadence600-foreground-20261004T151529Z-npu-pp512tg128,True,20.0,True,489070.62124802,489070.665264835,0.044016815,4.398441143,4.442458272,False,68.063874401,42.4,42.8,41.6,35.6,1,489070.667291867,512,128,127,1024,6,512,128,on,HTP0,99,15035156075086816172,15020329768554464592,0.002026718,0.383970468,1333.435882887,0.384508906,4.011905259,31.655782428,4.396414425,True
cadence600-foreground-20261004T151529Z-npu-pp512tg128,True,20.0,True,489090.62124802,489090.662585817,0.041337797,4.386217395,4.427555504,False,68.063874401,42.4,42.8,41.6,35.6,2,489090.663690713,512,128,127,1024,6,512,128,on,HTP0,99,15035156075086816172,15020329768554464592,0.001104636,0.383082604,1336.526364429,0.384103385,4.001009165,31.741991773,4.385112759,True
cadence600-foreground-20261004T151529Z-npu-pp512tg128,True,20.0,True,489110.62124802,489110.650483206,0.029235186,4.370658383,4.39989383,False,68.063874401,42.4,42.8,41.6,35.6,3,489110.651656695,512,128,127,1024,6,512,128,on,HTP0,99,15035156075086816172,15020329768554464592,0.001173281,0.382103906,1339.949662802,0.382763385,3.986721509,31.855749069,4.369485102,True
cadence600-foreground-20261004T151529Z-npu-pp512tg128,True,20.0,True,489130.62124802,489130.622060542,0.000812522,4.373202602,4.37401528,False,68.063874401,42.4,42.8,41.6,35.6,4,489130.623161219,512,128,127,1024,6,512,128,on,HTP0,99,15035156075086816172,15020329768554464592,0.001100469,0.382897291,1337.173210766,0.383409791,3.988692186,31.840010228,4.372102133,True
cadence600-foreground-20261004T151529Z-npu-pp512tg128,True,20.0,True,489150.62124802,489150.646845482,0.025597462,4.391429426,4.4170272,False,68.063874401,42.4,42.8,41.6,35.6,5,489150.648115222,512,128,127,1024,6,512,128,on,HTP0,99,15035156075086816172,15020329768554464592,0.001269531,0.384336875,1332.16465373,0.38476875,4.005390936,31.707267038,4.390159895,True
cadence600-foreground-20261004T151529Z-npu-pp512tg128,True,20.0,True,489170.62124802,489170.639806672,0.018558652,4.416911352,4.435470421,False,68.063874401,42.4,42.8,41.6,35.6,6,489170.641924485,512,128,127,1024,6,512,128,on,HTP0,99,15035156075086816172,15020329768554464592,0.002117396,0.383933541,1333.564133695,0.384659218,4.03013453,31.512595685,4.414793956,True
cadence600-foreground-20261004T151529Z-npu-pp512tg128,True,20.0,True,489190.62124802,489190.656791144,0.035543124,4.409486717,4.445030101,False,68.063874401,42.4,42.8,41.6,35.6,7,489190.657724529,512,128,127,1024,6,512,128,on,HTP0,99,15035156075086816172,15020329768554464592,0.000933177,0.389739948,1313.696485637,0.390725885,4.017827394,31.609122928,4.40855354,True
cadence600-foreground-20261004T151529Z-npu-pp512tg128,True,20.0,True,489210.62124802,489210.665969261,0.044721241,4.391180467,4.435901969,False,68.063874401,42.4,42.8,41.6,35.6,8,489210.66763848,512,128,127,1024,6,512,128,on,HTP0,99,15035156075086816172,15020329768554464592,0.001668959,0.382829843,1337.408797569,0.383329218,4.006182134,31.701005035,4.389511508,True
cadence600-foreground-20261004T151529Z-npu-pp512tg128,True,20.0,True,489230.62124802,489230.659798108,0.038550088,4.382172186,4.420722638,False,68.063874401,42.4,42.8,41.6,35.6,9,489230.660965972,512,128,127,1024,6,512,128,on,HTP0,99,15035156075086816172,15020329768554464592,0.001167604,0.38431375,1332.244812995,0.38484875,3.996155572,31.780544504,4.381004582,True
cadence600-foreground-20261004T151529Z-npu-pp512tg128,True,20.0,True,489250.62124802,489250.643690496,0.022442476,4.366632863,4.389075547,False,68.063874401,42.4,42.8,41.6,35.6,10,489250.644788829,512,128,127,1024,6,512,128,on,HTP0,99,15035156075086816172,15020329768554464592,0.001098125,0.38150151,1342.065461287,0.382010208,3.983524322,31.881316577,4.365534738,True
cadence600-foreground-20261004T151529Z-npu-pp512tg128,True,20.0,True,489270.62124802,489270.66595653,0.04470851,4.408392081,4.453100904,False,68.063874401,42.4,42.8,41.6,35.6,11,489270.667415176,512,128,127,1024,6,512,128,on,HTP0,99,15035156075086816172,15020329768554464592,0.001458333,0.390226614,1312.058126307,0.391037656,4.015895832,31.624326256,4.406933748,True
cadence600-foreground-20261004T151529Z-npu-pp512tg128,True,20.0,True,489290.62124802,489290.626174231,0.004926211,4.395071144,4.399997563,False,68.063874401,42.4,42.8,41.6,35.6,12,489290.627431314,512,128,127,1024,6,512,128,on,HTP0,99,15035156075086816172,15020329768554464592,0.001256875,0.383549427,1334.899660794,0.384343385,4.009470728,31.675003664,4.393814269,True
cadence600-foreground-20261004T151529Z-npu-pp512tg128,True,20.0,True,489310.62124802,489310.622173181,0.000925161,4.417465206,4.41839068,False,68.063874401,42.4,42.8,41.6,35.6,13,489310.623227088,512,128,127,1024,6,512,128,on,HTP0,99,15035156075086816172,15020329768554464592,0.001053593,0.393316094,1301.751969499,0.394332448,4.022078853,31.575711129,4.416411613,True
cadence600-foreground-20261004T151529Z-npu-pp512tg128,True,20.0,True,489330.62124802,489330.643255674,0.022007654,4.393883384,4.415891402,False,68.063874401,42.4,42.8,41.6,35.6,14,489330.64508859,512,128,127,1024,6,512,128,on,HTP0,99,15035156075086816172,15020329768554464592,0.001832552,0.383841146,1333.885137994,0.384863177,4.007187395,31.693052378,4.392050832,True
cadence600-foreground-20261004T151529Z-npu-pp512tg128,True,20.0,True,489350.62124802,489350.643405718,0.022157698,4.394852811,4.417010769,False,68.063874401,42.4,42.8,41.6,35.6,15,489350.645381031,512,128,127,1024,6,512,128,on,HTP0,99,15035156075086816172,15020329768554464592,0.001975,0.385385886,1328.538533972,0.385922136,4.006955571,31.694885993,4.392877811,True
cadence600-foreground-20261004T151529Z-npu-pp512tg128,True,20.0,True,489370.62124802,489370.637427742,0.016179722,4.389241768,4.405421699,False,68.063874401,42.4,42.8,41.6,35.6,16,489370.638398315,512,128,127,1024,6,512,128,on,HTP0,99,15035156075086816172,15020329768554464592,0.000970364,0.383342916,1335.618785766,0.384177812,4.004093384,31.71754198,4.388271404,True
cadence600-foreground-20261004T151529Z-npu-pp512tg128,True,20.0,True,489390.62124802,489390.627565495,0.006317475,4.383568279,4.389886015,False,68.063874401,42.4,42.8,41.6,35.6,17,489390.628855182,512,128,127,1024,6,512,128,on,HTP0,99,15035156075086816172,15020329768554464592,0.001289375,0.384900469,1330.214019563,0.385544635,3.996734061,31.775944574,4.382278904,True
cadence600-foreground-20261004T151529Z-npu-pp512tg128,True,20.0,True,489410.62124802,489410.663626112,0.042378092,4.38181078,4.424189132,False,68.063874401,42.4,42.8,41.6,35.6,18,489410.664907674,512,128,127,1024,6,512,128,on,HTP0,99,15035156075086816172,15020329768554464592,0.001281354,0.384923334,1330.135002935,0.385595834,3.994933488,31.790266442,4.380529426,True
cadence600-foreground-20261004T151529Z-npu-pp512tg128,True,20.0,True,489430.62124802,489430.627899906,0.006651886,4.390254217,4.396906416,False,68.063874401,42.4,42.8,41.6,35.6,19,489430.630334906,512,128,127,1024,6,512,128,on,HTP0,99,15035156075086816172,15020329768554464592,0.002434635,0.384840885,1330.419973439,0.385570521,4.002248801,31.732160172,4.387819582,True
cadence600-foreground-20261004T151529Z-npu-pp512tg128,True,20.0,True,489450.62124802,489450.662884118,0.041636098,4.383836092,4.425472502,False,68.063874401,42.4,42.8,41.6,35.6,20,489450.66439469,512,128,127,1024,6,512,128,on,HTP0,99,15035156075086816172,15020329768554464592,0.00151026,0.38295849,1336.959522689,0.383756615,3.998569009,31.761362556,4.382325832,True
cadence600-foreground-20261004T151529Z-npu-pp512tg128,True,20.0,True,489470.62124802,489470.647417391,0.026169371,4.392905727,4.419075515,False,68.063874401,42.4,42.8,41.6,35.6,21,489470.649192183,512,128,127,1024,6,512,128,on,HTP0,99,15035156075086816172,15020329768554464592,0.001774427,0.383130624,1336.358849769,0.383883177,4.007247915,31.69257373,4.3911313,True
cadence600-foreground-20261004T151529Z-npu-pp512tg128,True,20.0,True,489490.62124802,489490.645777748,0.024529728,4.389654582,4.41418457,False,68.063874401,42.4,42.8,41.6,35.6,22,489490.647026238,512,128,127,1024,6,512,128,on,HTP0,99,15035156075086816172,15020329768554464592,0.001248229,0.383226563,1336.024298504,0.384248855,4.004157238,31.717036183,4.388406353,True
cadence600-foreground-20261004T151529Z-npu-pp512tg128,True,20.0,True,489510.62124802,489510.637311855,0.016063835,4.492151926,4.508215969,False,68.063874401,42.4,42.8,41.6,35.6,23,489510.63831149,512,128,127,1024,6,512,128,on,HTP0,99,15035156075086816172,15020329768554464592,0.000999427,0.386098594,1326.086155082,0.38677099,4.1043813,30.942544251,4.491152499,True
cadence600-foreground-20261004T151529Z-npu-pp512tg128,True,20.0,True,489530.62124802,489530.632711066,0.011463046,4.404244373,4.415707732,False,68.063874401,42.4,42.8,41.6,35.6,24,489530.634751431,512,128,127,1024,6,512,128,on,HTP0,99,15035156075086816172,15020329768554464592,0.002040052,0.386853385,1323.498823721,0.387391093,4.01481302,31.63285547,4.402204321,True
cadence600-foreground-20261004T151529Z-npu-pp512tg128,True,20.0,True,489550.62124802,489550.647365902,0.026117882,4.400119582,4.426237829,False,68.063874401,42.4,42.8,41.6,35.6,25,489550.649116319,512,128,127,1024,6,512,128,on,HTP0,99,15035156075086816172,15020329768554464592,0.001750053,0.3850975,1329.533429846,0.385826458,4.012542863,31.650752238,4.398369529,True
cadence600-foreground-20261004T151529Z-npu-pp512tg128,True,20.0,True,489570.62124802,489570.655842457,0.034594437,4.404658645,4.439253394,False,68.063874401,42.4,42.8,41.6,35.6,26,489570.656985426,512,128,127,1024,6,512,128,on,HTP0,99,15035156075086816172,15020329768554464592,0.001142761,0.384476979,1331.67921089,0.385012656,4.018503019,31.603808533,4.403515884,True
cadence600-foreground-20261004T151529Z-npu-pp512tg128,True,20.0,True,489590.62124802,489590.636916981,0.015668961,4.381105727,4.396775001,False,68.063874401,42.4,42.8,41.6,35.6,27,489590.639297554,512,128,127,1024,6,512,128,on,HTP0,99,15035156075086816172,15020329768554464592,0.00238026,0.386982083,1323.058669876,0.387560572,3.991164634,31.820285968,4.378725467,True
cadence600-foreground-20261004T151529Z-npu-pp512tg128,True,20.0,True,489610.62124802,489610.667365359,0.046117339,4.398710674,4.444828326,False,68.063874401,42.4,42.8,41.6,35.6,28,489610.668827963,512,128,127,1024,6,512,128,on,HTP0,99,15035156075086816172,15020329768554464592,0.001462239,0.381736562,1341.239092524,0.382703072,4.014545155,31.634966129,4.397248435,True
cadence600-foreground-20261004T151529Z-npu-pp512tg128,True,20.0,True,489630.62124802,489630.669277799,0.048029779,4.395913488,4.443943423,False,68.063874401,42.4,42.8,41.6,35.6,29,489630.670508788,512,128,127,1024,6,512,128,on,HTP0,99,15035156075086816172,15020329768554464592,0.001230781,0.3882625,1318.695470204,0.388990729,4.00569177,31.704885771,4.394682707,True
