run_id,controlled_valid,model,ngl,repack,power_epoch,steps,top1_agreements,logit_RMSE,max_abs_logit_error,mean_KL,all_logits_finite
mistral7-canonical-partial-quality-20261004T183541Z-ngl16,True,mistral-7b-uncensored,16,0,api-20261004T141923Z-UNPLUGGED,32,32,0.0429777,0.25318074,7.81e-06,True
mistral7-canonical-partial-quality-20261004T183541Z-ngl3,True,mistral-7b-uncensored,3,0,api-20261004T141923Z-UNPLUGGED,32,32,0.03539848,0.24348736,5.26e-06,True
mistral7-canonical-partial-quality-20261004T183541Z-ngl6,True,mistral-7b-uncensored,6,0,api-20261004T141923Z-UNPLUGGED,32,32,0.03876778,0.27443838,5.09e-06,True
mistral7-canonical-vmem3200-quality-20261004T190200Z,False,mistral-7b-uncensored,16,0,api-20261004T141923Z-UNPLUGGED,32,32,0.0429777,0.25318074,7.81e-06,True
mistral7-canonical-vmem3200-quality-retry-20261004T191927Z,True,mistral-7b-uncensored,16,0,api-20261004T141923Z-UNPLUGGED,32,32,0.0429777,0.25318074,7.81e-06,True
npu-mistral7-window2048-quality-20261004T143816Z,True,mistral-7b-uncensored,99,0,api-20261004T141923Z-UNPLUGGED,32,32,0.04677918,0.35598111,9.61e-06,True
npu-qwen15-window768-mbuf256-quality-20261004T143319Z,True,qwen2.5-coder-1.5b,99,0,api-20261004T141923Z-UNPLUGGED,32,32,0.06721162,0.47015882,2.691e-05,True
npu-qwen4-window2048-quality-20261004T143620Z,True,qwen3-4b-instruct,99,0,api-20261004T141923Z-UNPLUGGED,32,32,0.42791958,8.63104153,1.662e-05,True
opencl-faon-narrow-qualified-20261004T155455Z,True,qwen2.5-coder-1.5b,99,0,api-20261004T141923Z-UNPLUGGED,32,32,0.07271753,0.62912703,4.295e-05,True
opencl-faon-quality-20261004T145249Z-generic,False,qwen2.5-coder-1.5b,99,0,api-20261004T141923Z-UNPLUGGED,32,32,0.07365359,0.53521413,5.9e-05,True
