run_id,controlled_valid,source_variant,model,power_epoch,request_period_s,cpu_repack,scheduled_arrival_monotonic_s,service_start_monotonic_s,queue_delay_s,service_s,arrival_to_completion_s,missed_deadline,postload_admission_s,initial_CPU_max_C,initial_NPU_max_C,initial_GPU_max_C,initial_battery_C,iteration,monotonic_s,prompt,generation,decode_steps,context,threads,batch,ubatch,attention,device,ngl,prompt_hash,output_hash,reset_s,prefill_s,prefill_tok_s,ttft_s,decode_s,decode_tok_s,total_response_s,all_logits_finite
background-bestcpu-20261004T151141Z-t2-mask60,True,cadence-driver-v3-cpu,qwen2.5-coder-1.5b,api-20261004T141923Z-UNPLUGGED,0.0,True,-1.0,487989.481866498,0.0,20.090292024,20.090292024,False,14.031943953,39.3,37.0,37.2,31.1,0,487989.484216029,512,128,127,1024,2,512,128,on,none,0,15035156075086816172,15020329768554464592,0.002349011,13.154767807,38.921249505,13.155087234,6.932855623,18.318569851,20.087943013,True
background-bestcpu-20261004T151141Z-t4-mask63,True,cadence-driver-v3-cpu,qwen2.5-coder-1.5b,api-20261004T141923Z-UNPLUGGED,0.0,True,-1.0,488100.159113018,0.0,23.621990147,23.621990147,False,22.071979002,39.3,38.1,38.4,32.2,0,488100.16304906,512,128,127,1024,4,512,128,on,none,0,15035156075086816172,15020329768554464592,0.003935469,12.789203328,40.033768083,12.789487338,10.828567027,11.728236957,23.618054678,True
background-cadence-gate-20261004T150628Z-cpu,True,cadence-driver-v3-cpu,qwen2.5-coder-1.5b,api-20261004T141923Z-UNPLUGGED,1.0,True,487719.174022122,487719.174072591,5.0469e-05,1.561378696,1.561429843,True,10.043073382,36.6,35.4,35.6,29.6,0,487719.175067799,32,8,7,256,4,32,32,on,none,0,7271718251011484503,13608895423923251057,0.000994687,0.922143853,34.701744089,0.923564791,0.636818802,10.99213776,1.560384009,True
background-cadence-gate-20261004T150628Z-cpu,True,cadence-driver-v3-cpu,qwen2.5-coder-1.5b,api-20261004T141923Z-UNPLUGGED,1.0,True,487720.174022122,487720.735595819,0.561573697,1.416165572,1.97773979,True,10.043073382,36.6,35.4,35.6,29.6,1,487720.736188788,32,8,7,256,4,32,32,on,none,0,7271718251011484503,13608895423923251057,0.000592604,0.84225677,37.993164484,0.843521926,0.57205052,12.236681474,1.415572968,True
background-cadence-gate-20261004T150628Z-npu,True,cadence-driver-v3-npu,qwen2.5-coder-1.5b,api-20261004T141923Z-UNPLUGGED,1.0,True,487779.355043036,487779.355089651,4.6615e-05,0.339201355,0.339248698,False,10.036835829,37.0,36.6,36.0,30.2,0,487779.356063609,32,8,7,256,4,32,32,on,HTP0,99,7271718251011484503,13608895423923251057,0.000973438,0.084011979,380.898062168,0.087075937,0.251151146,27.871662588,0.338227917,True
background-cadence-gate-20261004T150628Z-npu,True,cadence-driver-v3-npu,qwen2.5-coder-1.5b,api-20261004T141923Z-UNPLUGGED,1.0,True,487780.355043036,487780.396689546,0.04164651,0.343483073,0.385130416,False,10.036835829,37.0,36.6,36.0,30.2,1,487780.3978009,32,8,7,256,4,32,32,on,HTP0,99,7271718251011484503,13608895423923251057,0.001110729,0.08598875,372.141704583,0.088076406,0.254295521,27.527028288,0.342372344,True
cadence-gate-20261004T144259Z-cpu,True,cadence-driver-v3-cpu,qwen2.5-coder-1.5b,api-20261004T141923Z-UNPLUGGED,1.0,True,486606.954025723,486606.954039421,1.3698e-05,0.387983697,0.387997552,False,10.012219632,39.7,37.7,37.6,30.6,0,486606.954403588,32,8,7,256,6,32,32,on,none,0,7271718251011484503,13608895423923251057,0.000363958,0.185157135,172.826178154,0.185476458,0.202143125,34.628929379,0.387619739,True
cadence-gate-20261004T144259Z-cpu,True,cadence-driver-v3-cpu,qwen2.5-coder-1.5b,api-20261004T141923Z-UNPLUGGED,1.0,True,486607.954025723,486607.993990671,0.039964948,0.386864271,0.426829479,False,10.012219632,39.7,37.7,37.6,30.6,1,486607.99439041,32,8,7,256,6,32,32,on,none,0,7271718251011484503,13608895423923251057,0.000399427,0.186570937,171.516531538,0.186877083,0.199587657,35.072309106,0.386464844,True
cadence-gate-20261004T144259Z-cpu,True,cadence-driver-v3-cpu,qwen2.5-coder-1.5b,api-20261004T141923Z-UNPLUGGED,1.0,True,486608.954025723,486608.982683952,0.028658229,0.423176718,0.451835208,False,10.012219632,39.7,37.7,37.6,30.6,2,486608.983329368,32,8,7,256,6,32,32,on,none,0,7271718251011484503,13608895423923251057,0.000645104,0.206005,155.336035533,0.206302292,0.216229218,32.373053303,0.422531614,True
cadence-gate-20261004T144259Z-cpu,True,cadence-driver-v3-cpu,qwen2.5-coder-1.5b,api-20261004T141923Z-UNPLUGGED,1.0,True,486609.954025723,486609.957329212,0.003303489,0.427194166,0.430497811,False,10.012219632,39.7,37.7,37.6,30.6,3,486609.957706087,32,8,7,256,6,32,32,on,none,0,7271718251011484503,13608895423923251057,0.000376718,0.191751407,166.882738962,0.192067032,0.234750312,29.818916705,0.426817448,True
cadence-gate-20261004T144259Z-generic,True,cadence-driver-v3-generic,qwen2.5-coder-1.5b,api-20261004T141923Z-UNPLUGGED,1.0,True,486727.807090937,486727.807103333,1.2396e-05,1.581348177,1.581360781,True,10.020784996,38.9,37.7,37.6,30.3,0,486727.808634375,32,8,7,256,6,32,32,on,GPUOpenCL,99,7271718251011484503,13608895423923251057,0.001530782,0.820164427,39.016566613,0.820489739,0.759327552,9.218683007,1.579817395,True
cadence-gate-20261004T144259Z-generic,True,cadence-driver-v3-generic,qwen2.5-coder-1.5b,api-20261004T141923Z-UNPLUGGED,1.0,True,486728.807090937,486729.38851526,0.581424323,1.529421718,2.110846197,True,10.020784996,38.9,37.7,37.6,30.3,1,486729.389235989,32,8,7,256,6,32,32,on,GPUOpenCL,99,7271718251011484503,13608895423923251057,0.000720573,0.795096927,40.246665423,0.79541151,0.733289479,9.546025411,1.528701145,True
cadence-gate-20261004T144259Z-generic,True,cadence-driver-v3-generic,qwen2.5-coder-1.5b,api-20261004T141923Z-UNPLUGGED,1.0,True,486729.807090937,486730.917991093,1.110900156,1.619283749,2.730184165,True,10.020784996,38.9,37.7,37.6,30.3,2,486730.926209478,32,8,7,256,6,32,32,on,GPUOpenCL,99,7271718251011484503,13608895423923251057,0.008218125,0.827649322,38.663718014,0.827974947,0.78309052,8.938941056,1.611065624,True
cadence-gate-20261004T144259Z-generic,True,cadence-driver-v3-generic,qwen2.5-coder-1.5b,api-20261004T141923Z-UNPLUGGED,1.0,True,486730.807090937,486732.537335727,1.73024479,1.673737187,3.403982133,True,10.020784996,38.9,37.7,37.6,30.3,3,486732.541584634,32,8,7,256,6,32,32,on,GPUOpenCL,99,7271718251011484503,13608895423923251057,0.00424875,0.802007552,39.899873661,0.802385417,0.867102916,8.072859485,1.669488437,True
cadence-gate-20261004T144259Z-npu,True,cadence-driver-v3-npu,qwen2.5-coder-1.5b,api-20261004T141923Z-UNPLUGGED,1.0,True,486666.397749242,486666.397758148,8.906e-06,0.275349115,0.275358229,False,10.010719319,42.4,38.9,38.0,30.5,0,486666.397965128,32,8,7,256,6,32,32,on,HTP0,99,7271718251011484503,13608895423923251057,0.000206771,0.068961407,464.027655352,0.06927323,0.205868958,34.002212223,0.275142344,True
cadence-gate-20261004T144259Z-npu,True,cadence-driver-v3-npu,qwen2.5-coder-1.5b,api-20261004T141923Z-UNPLUGGED,1.0,True,486667.397749242,486667.426020335,0.028271093,0.277495156,0.305766458,False,10.010719319,42.4,38.9,38.0,30.5,1,486667.426245648,32,8,7,256,6,32,32,on,HTP0,99,7271718251011484503,13608895423923251057,0.000225104,0.069262187,462.012555278,0.070144427,0.207125313,33.795965827,0.277270052,True
cadence-gate-20261004T144259Z-npu,True,cadence-driver-v3-npu,qwen2.5-coder-1.5b,api-20261004T141923Z-UNPLUGGED,1.0,True,486668.397749242,486668.406196793,0.008447551,0.278518906,0.28696677,False,10.010719319,42.4,38.9,38.0,30.5,2,486668.406775908,32,8,7,256,6,32,32,on,HTP0,99,7271718251011484503,13608895423923251057,0.000578802,0.071754791,445.963252823,0.072160312,0.205779584,34.016980032,0.277940104,True
cadence-gate-20261004T144259Z-npu,True,cadence-driver-v3-npu,qwen2.5-coder-1.5b,api-20261004T141923Z-UNPLUGGED,1.0,True,486669.397749242,486669.437384397,0.039635155,0.275879322,0.315514738,False,10.010719319,42.4,38.9,38.0,30.5,3,486669.437596585,32,8,7,256,6,32,32,on,HTP0,99,7271718251011484503,13608895423923251057,0.000211979,0.06922302,462.273966088,0.069761145,0.205905989,33.996097122,0.275667343,True
cadence-narrow-untraced-20261004T183735Z,True,cadence-driver-v3-adreno,qwen2.5-coder-1.5b,api-20261004T141923Z-UNPLUGGED,1.0,True,500324.718855334,500324.718867834,1.25e-05,1.260915468,1.260928229,True,10.013951715,35.4,33.5,33.7,26.5,0,500324.720716324,32,8,7,256,6,32,32,on,GPUOpenCL,99,7271718251011484503,13608895423923251057,0.001848229,0.408581563,78.319735636,0.408865313,0.850201458,8.233342738,1.259067239,True
cadence-narrow-untraced-20261004T183735Z,True,cadence-driver-v3-adreno,qwen2.5-coder-1.5b,api-20261004T141923Z-UNPLUGGED,1.0,True,500325.718855334,500325.979852886,0.260997552,1.344639843,1.605637603,True,10.013951715,35.4,33.5,33.7,26.5,1,500325.980627781,32,8,7,256,6,32,32,on,GPUOpenCL,99,7271718251011484503,13608895423923251057,0.000774739,0.477286146,67.045734028,0.477603646,0.866261354,8.080702166,1.343865104,True
cadence-narrow-untraced-20261004T183735Z,True,cadence-driver-v3-adreno,qwen2.5-coder-1.5b,api-20261004T141923Z-UNPLUGGED,1.0,True,500326.718855334,500327.32455325,0.605697916,1.233214062,1.838912134,True,10.013951715,35.4,33.5,33.7,26.5,2,500327.32531877,32,8,7,256,6,32,32,on,GPUOpenCL,99,7271718251011484503,13608895423923251057,0.000765364,0.403567552,79.292797058,0.403874948,0.828573594,8.448253783,1.232448698,True
cadence-narrow-untraced-20261004T183735Z,True,cadence-driver-v3-adreno,qwen2.5-coder-1.5b,api-20261004T141923Z-UNPLUGGED,1.0,True,500327.718855334,500328.557825176,0.838969842,1.237093177,2.076063175,True,10.013951715,35.4,33.5,33.7,26.5,3,500328.558643666,32,8,7,256,6,32,32,on,GPUOpenCL,99,7271718251011484503,13608895423923251057,0.000818334,0.422146927,75.802991692,0.422465625,0.81380901,8.601526788,1.236274843,True
cadence600-foreground-20261004T151529Z-cpu-pp512tg128,True,cadence-driver-v3-cpu,qwen2.5-coder-1.5b,api-20261004T141923Z-UNPLUGGED,20.0,True,488233.674361821,488233.674385415,2.3594e-05,7.59449005,7.594513956,False,10.016065413,41.6,40.1,40.0,32.4,0,488233.678174998,512,128,127,1024,6,512,128,on,none,0,15035156075086816172,15020329768554464592,0.003789219,3.326609739,153.910449428,3.326963853,4.263736874,29.786078211,7.590700831,True
cadence600-foreground-20261004T151529Z-cpu-pp512tg128,True,cadence-driver-v3-cpu,qwen2.5-coder-1.5b,api-20261004T141923Z-UNPLUGGED,20.0,True,488253.674361821,488253.714050147,0.039688326,8.371681351,8.411369989,False,10.016065413,41.6,40.1,40.0,32.4,1,488253.715362907,512,128,127,1024,6,512,128,on,none,0,15035156075086816172,15020329768554464592,0.001312396,3.857762186,132.719430414,3.858169113,4.512199685,28.145917483,8.370368955,True
cadence600-foreground-20261004T151529Z-cpu-pp512tg128,True,cadence-driver-v3-cpu,qwen2.5-coder-1.5b,api-20261004T141923Z-UNPLUGGED,20.0,True,488273.674361821,488273.681868629,0.007506808,8.667638381,8.675145503,False,10.016065413,41.6,40.1,40.0,32.4,2,488273.684676702,512,128,127,1024,6,512,128,on,none,0,15035156075086816172,15020329768554464592,0.00280776,4.060337654,126.097887326,4.060738332,4.604092185,27.584156637,8.664830621,True
cadence600-foreground-20261004T151529Z-cpu-pp512tg128,True,cadence-driver-v3-cpu,qwen2.5-coder-1.5b,api-20261004T141923Z-UNPLUGGED,20.0,True,488293.674361821,488293.691834194,0.017472373,8.354880831,8.372353412,False,10.016065413,41.6,40.1,40.0,32.4,3,488293.694667371,512,128,127,1024,6,512,128,on,none,0,15035156075086816172,15020329768554464592,0.002832969,4.010206561,127.674221318,4.010611092,4.341436665,29.252989229,8.352047862,True
cadence600-foreground-20261004T151529Z-cpu-pp512tg128,True,cadence-driver-v3-cpu,qwen2.5-coder-1.5b,api-20261004T141923Z-UNPLUGGED,20.0,True,488313.674361821,488313.689493093,0.015131272,8.315440881,8.330572362,False,10.016065413,41.6,40.1,40.0,32.4,4,488313.691167989,512,128,127,1024,6,512,128,on,none,0,15035156075086816172,15020329768554464592,0.001674635,3.946963852,129.719961773,3.947339998,4.366426144,29.085571543,8.313766246,True
cadence600-foreground-20261004T151529Z-cpu-pp512tg128,True,cadence-driver-v3-cpu,qwen2.5-coder-1.5b,api-20261004T141923Z-UNPLUGGED,20.0,True,488333.674361821,488333.70571595,0.031354129,9.587843174,9.619197511,False,10.016065413,41.6,40.1,40.0,32.4,5,488333.7092147,512,128,127,1024,6,512,128,on,none,0,15035156075086816172,15020329768554464592,0.00349849,4.18398005,122.37152039,4.184380467,5.39996406,23.518675048,9.584344684,True
cadence600-foreground-20261004T151529Z-cpu-pp512tg128,True,cadence-driver-v3-cpu,qwen2.5-coder-1.5b,api-20261004T141923Z-UNPLUGGED,20.0,True,488353.674361821,488353.685817557,0.011455736,8.496412705,8.507868753,False,10.016065413,41.6,40.1,40.0,32.4,6,488353.688647036,512,128,127,1024,6,512,128,on,none,0,15035156075086816172,15020329768554464592,0.002829115,4.079806873,125.496136444,4.080230363,4.413353071,28.77630635,8.49358359,True
cadence600-foreground-20261004T151529Z-cpu-pp512tg128,True,cadence-driver-v3-cpu,qwen2.5-coder-1.5b,api-20261004T141923Z-UNPLUGGED,20.0,True,488373.674361821,488373.674623435,0.000261614,9.036050934,9.036312808,False,10.016065413,41.6,40.1,40.0,32.4,7,488373.676179424,512,128,127,1024,6,512,128,on,none,0,15035156075086816172,15020329768554464592,0.001555729,3.962353124,129.216146057,3.962777551,5.071717498,25.040826909,9.034495205,True
cadence600-foreground-20261004T151529Z-cpu-pp512tg128,True,cadence-driver-v3-cpu,qwen2.5-coder-1.5b,api-20261004T141923Z-UNPLUGGED,20.0,True,488393.674361821,488393.699252437,0.024890616,10.109872704,10.134763529,False,10.016065413,41.6,40.1,40.0,32.4,8,488393.700423427,512,128,127,1024,6,512,128,on,none,0,15035156075086816172,15020329768554464592,0.001170729,4.551805363,112.48284124,4.552255102,5.556446717,22.856333637,10.108701975,True
cadence600-foreground-20261004T151529Z-cpu-pp512tg128,True,cadence-driver-v3-cpu,qwen2.5-coder-1.5b,api-20261004T141923Z-UNPLUGGED,20.0,True,488413.674361821,488413.694695867,0.020334046,10.475569996,10.495904251,False,10.016065413,41.6,40.1,40.0,32.4,9,488413.695567638,512,128,127,1024,6,512,128,on,none,0,15035156075086816172,15020329768554464592,0.000871615,4.761407186,107.53123604,4.761845154,5.712853122,22.230573286,10.474698381,True
cadence600-foreground-20261004T151529Z-cpu-pp512tg128,True,cadence-driver-v3-cpu,qwen2.5-coder-1.5b,api-20261004T141923Z-UNPLUGGED,20.0,True,488433.674361821,488433.70723586,0.032874039,10.588220152,10.621094451,False,10.016065413,41.6,40.1,40.0,32.4,10,488433.710898568,512,128,127,1024,6,512,128,on,none,0,15035156075086816172,15020329768554464592,0.0036625,4.830826977,105.985994207,4.831299373,5.753258175,22.074448276,10.584557652,True
cadence600-foreground-20261004T151529Z-cpu-pp512tg128,True,cadence-driver-v3-cpu,qwen2.5-coder-1.5b,api-20261004T141923Z-UNPLUGGED,20.0,True,488453.674361821,488453.681071789,0.006709968,10.62253635,10.629246475,False,10.016065413,41.6,40.1,40.0,32.4,11,488453.684595956,512,128,127,1024,6,512,128,on,none,0,15035156075086816172,15020329768554464592,0.003523958,4.779636717,107.121111983,4.780110259,5.838901925,21.750665045,10.619012392,True
cadence600-foreground-20261004T151529Z-cpu-pp512tg128,True,cadence-driver-v3-cpu,qwen2.5-coder-1.5b,api-20261004T141923Z-UNPLUGGED,20.0,True,488473.674361821,488473.691452199,0.017090378,10.905748589,10.922839175,False,10.016065413,41.6,40.1,40.0,32.4,12,488473.695373292,512,128,127,1024,6,512,128,on,none,0,15035156075086816172,15020329768554464592,0.003920885,4.690553071,109.155571262,4.690994321,6.210833279,20.448141867,10.901827704,True
cadence600-foreground-20261004T151529Z-cpu-pp512tg128,True,cadence-driver-v3-cpu,qwen2.5-coder-1.5b,api-20261004T141923Z-UNPLUGGED,20.0,True,488493.674361821,488493.685651097,0.011289276,10.236333017,10.247622553,False,10.016065413,41.6,40.1,40.0,32.4,13,488493.688976774,512,128,127,1024,6,512,128,on,none,0,15035156075086816172,15020329768554464592,0.003325469,4.670343957,109.627899939,4.670817186,5.562190258,22.832732091,10.233007548,True
cadence600-foreground-20261004T151529Z-cpu-pp512tg128,True,cadence-driver-v3-cpu,qwen2.5-coder-1.5b,api-20261004T141923Z-UNPLUGGED,20.0,True,488513.674361821,488513.7086626,0.034300779,10.620045464,10.654346556,False,10.016065413,41.6,40.1,40.0,32.4,14,488513.712451819,512,128,127,1024,6,512,128,on,none,0,15035156075086816172,15020329768554464592,0.003788906,4.878129841,104.958255866,4.878600935,5.737655519,22.134476282,10.616256558,True
cadence600-foreground-20261004T151529Z-cpu-pp512tg128,True,cadence-driver-v3-cpu,qwen2.5-coder-1.5b,api-20261004T141923Z-UNPLUGGED,20.0,True,488533.674361821,488533.711792853,0.037431032,10.762192652,10.799623996,False,10.016065413,41.6,40.1,40.0,32.4,15,488533.715365196,512,128,127,1024,6,512,128,on,none,0,15035156075086816172,15020329768554464592,0.003572031,4.830058123,106.002865175,4.83052828,5.928092237,21.423418348,10.758620621,True
cadence600-foreground-20261004T151529Z-cpu-pp512tg128,True,cadence-driver-v3-cpu,qwen2.5-coder-1.5b,api-20261004T141923Z-UNPLUGGED,20.0,True,488553.674361821,488553.707584824,0.033223003,10.367415882,10.400639145,False,10.016065413,41.6,40.1,40.0,32.4,16,488553.711493001,512,128,127,1024,6,512,128,on,none,0,15035156075086816172,15020329768554464592,0.003907969,4.835503853,105.883485065,4.835969217,5.52753854,22.975868749,10.363507913,True
cadence600-foreground-20261004T151529Z-cpu-pp512tg128,True,cadence-driver-v3-cpu,qwen2.5-coder-1.5b,api-20261004T141923Z-UNPLUGGED,20.0,True,488573.674361821,488573.711143098,0.036781277,10.265007704,10.30178919,False,10.016065413,41.6,40.1,40.0,32.4,17,488573.714436796,512,128,127,1024,6,512,128,on,none,0,15035156075086816172,15020329768554464592,0.00329349,5.023305258,101.924922676,5.02376906,5.237944998,24.246149978,10.261714214,True
cadence600-foreground-20261004T151529Z-cpu-pp512tg128,True,cadence-driver-v3-cpu,qwen2.5-coder-1.5b,api-20261004T141923Z-UNPLUGGED,20.0,True,488593.674361821,488593.710148299,0.035786478,10.947572964,10.98335965,False,10.016065413,41.6,40.1,40.0,32.4,18,488593.711107465,512,128,127,1024,6,512,128,on,none,0,15035156075086816172,15020329768554464592,0.000958958,4.846358696,105.646327917,4.846814842,6.099799008,20.820358152,10.946614006,True
cadence600-foreground-20261004T151529Z-cpu-pp512tg128,True,cadence-driver-v3-cpu,qwen2.5-coder-1.5b,api-20261004T141923Z-UNPLUGGED,20.0,True,488613.674361821,488613.690019437,0.015657616,11.802669006,11.818326882,False,10.016065413,41.6,40.1,40.0,32.4,19,488613.692753031,512,128,127,1024,6,512,128,on,none,0,15035156075086816172,15020329768554464592,0.002733333,5.64289104,90.73363217,5.643431665,6.156503904,20.628590833,11.799935673,True
cadence600-foreground-20261004T151529Z-cpu-pp512tg128,True,cadence-driver-v3-cpu,qwen2.5-coder-1.5b,api-20261004T141923Z-UNPLUGGED,20.0,True,488633.674361821,488633.723395627,0.049033806,12.151874631,12.200908749,False,10.016065413,41.6,40.1,40.0,32.4,20,488633.72714521,512,128,127,1024,6,512,128,on,none,0,15035156075086816172,15020329768554464592,0.003749271,5.658933227,90.476416572,5.659464686,6.488660518,19.572606649,12.14812536,True
cadence600-foreground-20261004T151529Z-cpu-pp512tg128,True,cadence-driver-v3-cpu,qwen2.5-coder-1.5b,api-20261004T141923Z-UNPLUGGED,20.0,True,488653.674361821,488653.703961401,0.02959958,11.793273277,11.822873117,False,10.016065413,41.6,40.1,40.0,32.4,21,488653.707934057,512,128,127,1024,6,512,128,on,none,0,15035156075086816172,15020329768554464592,0.003972448,5.566680362,91.975821622,5.567184581,6.222116092,20.41106243,11.789300829,True
cadence600-foreground-20261004T151529Z-cpu-pp512tg128,True,cadence-driver-v3-cpu,qwen2.5-coder-1.5b,api-20261004T141923Z-UNPLUGGED,20.0,True,488673.674361821,488673.684885508,0.010523687,11.643434162,11.653958161,False,10.016065413,41.6,40.1,40.0,32.4,22,488673.688361653,512,128,127,1024,6,512,128,on,none,0,15035156075086816172,15020329768554464592,0.003475833,5.633968071,90.877334331,5.634472706,6.005485518,21.147332654,11.639958329,True
cadence600-foreground-20261004T151529Z-cpu-pp512tg128,True,cadence-driver-v3-cpu,qwen2.5-coder-1.5b,api-20261004T141923Z-UNPLUGGED,20.0,True,488693.674361821,488693.715845031,0.04148321,12.042240465,12.083723935,False,10.016065413,41.6,40.1,40.0,32.4,23,488693.718951125,512,128,127,1024,6,512,128,on,none,0,15035156075086816172,15020329768554464592,0.003105834,5.547454998,92.294574753,5.547986508,6.491147967,19.565106303,12.039134631,True
cadence600-foreground-20261004T151529Z-cpu-pp512tg128,True,cadence-driver-v3-cpu,qwen2.5-coder-1.5b,api-20261004T141923Z-UNPLUGGED,20.0,True,488713.674361821,488713.694680076,0.020318255,12.059738173,12.080056688,False,10.016065413,41.6,40.1,40.0,32.4,24,488713.698354763,512,128,127,1024,6,512,128,on,none,0,15035156075086816172,15020329768554464592,0.003674375,5.536972446,92.469306104,5.53754781,6.518515882,19.482962426,12.056063798,True
cadence600-foreground-20261004T151529Z-cpu-pp512tg128,True,cadence-driver-v3-cpu,qwen2.5-coder-1.5b,api-20261004T141923Z-UNPLUGGED,20.0,True,488733.674361821,488733.707013766,0.032651945,12.00181213,12.034464388,False,10.016065413,41.6,40.1,40.0,32.4,25,488733.710655433,512,128,127,1024,6,512,128,on,none,0,15035156075086816172,15020329768554464592,0.003641406,5.693709477,89.923801358,5.694284789,6.303885779,20.146304113,11.998170724,True
cadence600-foreground-20261004T151529Z-cpu-pp512tg128,True,cadence-driver-v3-cpu,qwen2.5-coder-1.5b,api-20261004T141923Z-UNPLUGGED,20.0,True,488753.674361821,488753.692092404,0.017730583,11.969226611,11.986957506,False,10.016065413,41.6,40.1,40.0,32.4,26,488753.693806935,512,128,127,1024,6,512,128,on,none,0,15035156075086816172,15020329768554464592,0.001714219,5.678832759,90.159372837,5.679393904,6.288118383,20.196820776,11.967512392,True
cadence600-foreground-20261004T151529Z-cpu-pp512tg128,True,cadence-driver-v3-cpu,qwen2.5-coder-1.5b,api-20261004T141923Z-UNPLUGGED,20.0,True,488773.674361821,488773.694623178,0.020261357,12.129346454,12.149608175,False,10.016065413,41.6,40.1,40.0,32.4,27,488773.697278386,512,128,127,1024,6,512,128,on,none,0,15035156075086816172,15020329768554464592,0.002654896,5.674599321,90.226634699,5.675262654,6.451428748,19.685561906,12.126691558,True
cadence600-foreground-20261004T151529Z-cpu-pp512tg128,True,cadence-driver-v3-cpu,qwen2.5-coder-1.5b,api-20261004T141923Z-UNPLUGGED,20.0,True,488793.674361821,488793.709177389,0.034815568,12.509715621,12.544531449,False,10.016065413,41.6,40.1,40.0,32.4,28,488793.712830722,512,128,127,1024,6,512,128,on,none,0,15035156075086816172,15020329768554464592,0.003653073,5.492698436,93.21465687,5.493230779,7.012831612,18.109660552,12.506062548,True
cadence600-foreground-20261004T151529Z-cpu-pp512tg128,True,cadence-driver-v3-cpu,qwen2.5-coder-1.5b,api-20261004T141923Z-UNPLUGGED,20.0,True,488813.674361821,488813.69687035,0.022508529,11.993122443,12.015631181,False,10.016065413,41.6,40.1,40.0,32.4,29,488813.698013892,512,128,127,1024,6,512,128,on,none,0,15035156075086816172,15020329768554464592,0.001143333,5.803907341,88.216432468,5.804439685,6.18753932,20.525122093,11.99197911,True
cadence600-foreground-20261004T151529Z-npu-pp512tg128,True,cadence-driver-v3-npu,qwen2.5-coder-1.5b,api-20261004T141923Z-UNPLUGGED,20.0,True,489050.62124802,489050.621269374,2.1354e-05,4.394485416,4.394507082,False,68.063874401,42.4,42.8,41.6,35.6,0,489050.623642916,512,128,127,1024,6,512,128,on,HTP0,99,15035156075086816172,15020329768554464592,0.002373178,0.391514635,1307.741663348,0.392487812,3.999624217,31.752983058,4.392112238,True
cadence600-foreground-20261004T151529Z-npu-pp512tg128,True,cadence-driver-v3-npu,qwen2.5-coder-1.5b,api-20261004T141923Z-UNPLUGGED,20.0,True,489070.62124802,489070.665264835,0.044016815,4.398441143,4.442458272,False,68.063874401,42.4,42.8,41.6,35.6,1,489070.667291867,512,128,127,1024,6,512,128,on,HTP0,99,15035156075086816172,15020329768554464592,0.002026718,0.383970468,1333.435882887,0.384508906,4.011905259,31.655782428,4.396414425,True
cadence600-foreground-20261004T151529Z-npu-pp512tg128,True,cadence-driver-v3-npu,qwen2.5-coder-1.5b,api-20261004T141923Z-UNPLUGGED,20.0,True,489090.62124802,489090.662585817,0.041337797,4.386217395,4.427555504,False,68.063874401,42.4,42.8,41.6,35.6,2,489090.663690713,512,128,127,1024,6,512,128,on,HTP0,99,15035156075086816172,15020329768554464592,0.001104636,0.383082604,1336.526364429,0.384103385,4.001009165,31.741991773,4.385112759,True
cadence600-foreground-20261004T151529Z-npu-pp512tg128,True,cadence-driver-v3-npu,qwen2.5-coder-1.5b,api-20261004T141923Z-UNPLUGGED,20.0,True,489110.62124802,489110.650483206,0.029235186,4.370658383,4.39989383,False,68.063874401,42.4,42.8,41.6,35.6,3,489110.651656695,512,128,127,1024,6,512,128,on,HTP0,99,15035156075086816172,15020329768554464592,0.001173281,0.382103906,1339.949662802,0.382763385,3.986721509,31.855749069,4.369485102,True
cadence600-foreground-20261004T151529Z-npu-pp512tg128,True,cadence-driver-v3-npu,qwen2.5-coder-1.5b,api-20261004T141923Z-UNPLUGGED,20.0,True,489130.62124802,489130.622060542,0.000812522,4.373202602,4.37401528,False,68.063874401,42.4,42.8,41.6,35.6,4,489130.623161219,512,128,127,1024,6,512,128,on,HTP0,99,15035156075086816172,15020329768554464592,0.001100469,0.382897291,1337.173210766,0.383409791,3.988692186,31.840010228,4.372102133,True
cadence600-foreground-20261004T151529Z-npu-pp512tg128,True,cadence-driver-v3-npu,qwen2.5-coder-1.5b,api-20261004T141923Z-UNPLUGGED,20.0,True,489150.62124802,489150.646845482,0.025597462,4.391429426,4.4170272,False,68.063874401,42.4,42.8,41.6,35.6,5,489150.648115222,512,128,127,1024,6,512,128,on,HTP0,99,15035156075086816172,15020329768554464592,0.001269531,0.384336875,1332.16465373,0.38476875,4.005390936,31.707267038,4.390159895,True
cadence600-foreground-20261004T151529Z-npu-pp512tg128,True,cadence-driver-v3-npu,qwen2.5-coder-1.5b,api-20261004T141923Z-UNPLUGGED,20.0,True,489170.62124802,489170.639806672,0.018558652,4.416911352,4.435470421,False,68.063874401,42.4,42.8,41.6,35.6,6,489170.641924485,512,128,127,1024,6,512,128,on,HTP0,99,15035156075086816172,15020329768554464592,0.002117396,0.383933541,1333.564133695,0.384659218,4.03013453,31.512595685,4.414793956,True
cadence600-foreground-20261004T151529Z-npu-pp512tg128,True,cadence-driver-v3-npu,qwen2.5-coder-1.5b,api-20261004T141923Z-UNPLUGGED,20.0,True,489190.62124802,489190.656791144,0.035543124,4.409486717,4.445030101,False,68.063874401,42.4,42.8,41.6,35.6,7,489190.657724529,512,128,127,1024,6,512,128,on,HTP0,99,15035156075086816172,15020329768554464592,0.000933177,0.389739948,1313.696485637,0.390725885,4.017827394,31.609122928,4.40855354,True
cadence600-foreground-20261004T151529Z-npu-pp512tg128,True,cadence-driver-v3-npu,qwen2.5-coder-1.5b,api-20261004T141923Z-UNPLUGGED,20.0,True,489210.62124802,489210.665969261,0.044721241,4.391180467,4.435901969,False,68.063874401,42.4,42.8,41.6,35.6,8,489210.66763848,512,128,127,1024,6,512,128,on,HTP0,99,15035156075086816172,15020329768554464592,0.001668959,0.382829843,1337.408797569,0.383329218,4.006182134,31.701005035,4.389511508,True
cadence600-foreground-20261004T151529Z-npu-pp512tg128,True,cadence-driver-v3-npu,qwen2.5-coder-1.5b,api-20261004T141923Z-UNPLUGGED,20.0,True,489230.62124802,489230.659798108,0.038550088,4.382172186,4.420722638,False,68.063874401,42.4,42.8,41.6,35.6,9,489230.660965972,512,128,127,1024,6,512,128,on,HTP0,99,15035156075086816172,15020329768554464592,0.001167604,0.38431375,1332.244812995,0.38484875,3.996155572,31.780544504,4.381004582,True
cadence600-foreground-20261004T151529Z-npu-pp512tg128,True,cadence-driver-v3-npu,qwen2.5-coder-1.5b,api-20261004T141923Z-UNPLUGGED,20.0,True,489250.62124802,489250.643690496,0.022442476,4.366632863,4.389075547,False,68.063874401,42.4,42.8,41.6,35.6,10,489250.644788829,512,128,127,1024,6,512,128,on,HTP0,99,15035156075086816172,15020329768554464592,0.001098125,0.38150151,1342.065461287,0.382010208,3.983524322,31.881316577,4.365534738,True
cadence600-foreground-20261004T151529Z-npu-pp512tg128,True,cadence-driver-v3-npu,qwen2.5-coder-1.5b,api-20261004T141923Z-UNPLUGGED,20.0,True,489270.62124802,489270.66595653,0.04470851,4.408392081,4.453100904,False,68.063874401,42.4,42.8,41.6,35.6,11,489270.667415176,512,128,127,1024,6,512,128,on,HTP0,99,15035156075086816172,15020329768554464592,0.001458333,0.390226614,1312.058126307,0.391037656,4.015895832,31.624326256,4.406933748,True
cadence600-foreground-20261004T151529Z-npu-pp512tg128,True,cadence-driver-v3-npu,qwen2.5-coder-1.5b,api-20261004T141923Z-UNPLUGGED,20.0,True,489290.62124802,489290.626174231,0.004926211,4.395071144,4.399997563,False,68.063874401,42.4,42.8,41.6,35.6,12,489290.627431314,512,128,127,1024,6,512,128,on,HTP0,99,15035156075086816172,15020329768554464592,0.001256875,0.383549427,1334.899660794,0.384343385,4.009470728,31.675003664,4.393814269,True
cadence600-foreground-20261004T151529Z-npu-pp512tg128,True,cadence-driver-v3-npu,qwen2.5-coder-1.5b,api-20261004T141923Z-UNPLUGGED,20.0,True,489310.62124802,489310.622173181,0.000925161,4.417465206,4.41839068,False,68.063874401,42.4,42.8,41.6,35.6,13,489310.623227088,512,128,127,1024,6,512,128,on,HTP0,99,15035156075086816172,15020329768554464592,0.001053593,0.393316094,1301.751969499,0.394332448,4.022078853,31.575711129,4.416411613,True
cadence600-foreground-20261004T151529Z-npu-pp512tg128,True,cadence-driver-v3-npu,qwen2.5-coder-1.5b,api-20261004T141923Z-UNPLUGGED,20.0,True,489330.62124802,489330.643255674,0.022007654,4.393883384,4.415891402,False,68.063874401,42.4,42.8,41.6,35.6,14,489330.64508859,512,128,127,1024,6,512,128,on,HTP0,99,15035156075086816172,15020329768554464592,0.001832552,0.383841146,1333.885137994,0.384863177,4.007187395,31.693052378,4.392050832,True
cadence600-foreground-20261004T151529Z-npu-pp512tg128,True,cadence-driver-v3-npu,qwen2.5-coder-1.5b,api-20261004T141923Z-UNPLUGGED,20.0,True,489350.62124802,489350.643405718,0.022157698,4.394852811,4.417010769,False,68.063874401,42.4,42.8,41.6,35.6,15,489350.645381031,512,128,127,1024,6,512,128,on,HTP0,99,15035156075086816172,15020329768554464592,0.001975,0.385385886,1328.538533972,0.385922136,4.006955571,31.694885993,4.392877811,True
cadence600-foreground-20261004T151529Z-npu-pp512tg128,True,cadence-driver-v3-npu,qwen2.5-coder-1.5b,api-20261004T141923Z-UNPLUGGED,20.0,True,489370.62124802,489370.637427742,0.016179722,4.389241768,4.405421699,False,68.063874401,42.4,42.8,41.6,35.6,16,489370.638398315,512,128,127,1024,6,512,128,on,HTP0,99,15035156075086816172,15020329768554464592,0.000970364,0.383342916,1335.618785766,0.384177812,4.004093384,31.71754198,4.388271404,True
cadence600-foreground-20261004T151529Z-npu-pp512tg128,True,cadence-driver-v3-npu,qwen2.5-coder-1.5b,api-20261004T141923Z-UNPLUGGED,20.0,True,489390.62124802,489390.627565495,0.006317475,4.383568279,4.389886015,False,68.063874401,42.4,42.8,41.6,35.6,17,489390.628855182,512,128,127,1024,6,512,128,on,HTP0,99,15035156075086816172,15020329768554464592,0.001289375,0.384900469,1330.214019563,0.385544635,3.996734061,31.775944574,4.382278904,True
cadence600-foreground-20261004T151529Z-npu-pp512tg128,True,cadence-driver-v3-npu,qwen2.5-coder-1.5b,api-20261004T141923Z-UNPLUGGED,20.0,True,489410.62124802,489410.663626112,0.042378092,4.38181078,4.424189132,False,68.063874401,42.4,42.8,41.6,35.6,18,489410.664907674,512,128,127,1024,6,512,128,on,HTP0,99,15035156075086816172,15020329768554464592,0.001281354,0.384923334,1330.135002935,0.385595834,3.994933488,31.790266442,4.380529426,True
cadence600-foreground-20261004T151529Z-npu-pp512tg128,True,cadence-driver-v3-npu,qwen2.5-coder-1.5b,api-20261004T141923Z-UNPLUGGED,20.0,True,489430.62124802,489430.627899906,0.006651886,4.390254217,4.396906416,False,68.063874401,42.4,42.8,41.6,35.6,19,489430.630334906,512,128,127,1024,6,512,128,on,HTP0,99,15035156075086816172,15020329768554464592,0.002434635,0.384840885,1330.419973439,0.385570521,4.002248801,31.732160172,4.387819582,True
cadence600-foreground-20261004T151529Z-npu-pp512tg128,True,cadence-driver-v3-npu,qwen2.5-coder-1.5b,api-20261004T141923Z-UNPLUGGED,20.0,True,489450.62124802,489450.662884118,0.041636098,4.383836092,4.425472502,False,68.063874401,42.4,42.8,41.6,35.6,20,489450.66439469,512,128,127,1024,6,512,128,on,HTP0,99,15035156075086816172,15020329768554464592,0.00151026,0.38295849,1336.959522689,0.383756615,3.998569009,31.761362556,4.382325832,True
cadence600-foreground-20261004T151529Z-npu-pp512tg128,True,cadence-driver-v3-npu,qwen2.5-coder-1.5b,api-20261004T141923Z-UNPLUGGED,20.0,True,489470.62124802,489470.647417391,0.026169371,4.392905727,4.419075515,False,68.063874401,42.4,42.8,41.6,35.6,21,489470.649192183,512,128,127,1024,6,512,128,on,HTP0,99,15035156075086816172,15020329768554464592,0.001774427,0.383130624,1336.358849769,0.383883177,4.007247915,31.69257373,4.3911313,True
cadence600-foreground-20261004T151529Z-npu-pp512tg128,True,cadence-driver-v3-npu,qwen2.5-coder-1.5b,api-20261004T141923Z-UNPLUGGED,20.0,True,489490.62124802,489490.645777748,0.024529728,4.389654582,4.41418457,False,68.063874401,42.4,42.8,41.6,35.6,22,489490.647026238,512,128,127,1024,6,512,128,on,HTP0,99,15035156075086816172,15020329768554464592,0.001248229,0.383226563,1336.024298504,0.384248855,4.004157238,31.717036183,4.388406353,True
cadence600-foreground-20261004T151529Z-npu-pp512tg128,True,cadence-driver-v3-npu,qwen2.5-coder-1.5b,api-20261004T141923Z-UNPLUGGED,20.0,True,489510.62124802,489510.637311855,0.016063835,4.492151926,4.508215969,False,68.063874401,42.4,42.8,41.6,35.6,23,489510.63831149,512,128,127,1024,6,512,128,on,HTP0,99,15035156075086816172,15020329768554464592,0.000999427,0.386098594,1326.086155082,0.38677099,4.1043813,30.942544251,4.491152499,True
cadence600-foreground-20261004T151529Z-npu-pp512tg128,True,cadence-driver-v3-npu,qwen2.5-coder-1.5b,api-20261004T141923Z-UNPLUGGED,20.0,True,489530.62124802,489530.632711066,0.011463046,4.404244373,4.415707732,False,68.063874401,42.4,42.8,41.6,35.6,24,489530.634751431,512,128,127,1024,6,512,128,on,HTP0,99,15035156075086816172,15020329768554464592,0.002040052,0.386853385,1323.498823721,0.387391093,4.01481302,31.63285547,4.402204321,True
cadence600-foreground-20261004T151529Z-npu-pp512tg128,True,cadence-driver-v3-npu,qwen2.5-coder-1.5b,api-20261004T141923Z-UNPLUGGED,20.0,True,489550.62124802,489550.647365902,0.026117882,4.400119582,4.426237829,False,68.063874401,42.4,42.8,41.6,35.6,25,489550.649116319,512,128,127,1024,6,512,128,on,HTP0,99,15035156075086816172,15020329768554464592,0.001750053,0.3850975,1329.533429846,0.385826458,4.012542863,31.650752238,4.398369529,True
cadence600-foreground-20261004T151529Z-npu-pp512tg128,True,cadence-driver-v3-npu,qwen2.5-coder-1.5b,api-20261004T141923Z-UNPLUGGED,20.0,True,489570.62124802,489570.655842457,0.034594437,4.404658645,4.439253394,False,68.063874401,42.4,42.8,41.6,35.6,26,489570.656985426,512,128,127,1024,6,512,128,on,HTP0,99,15035156075086816172,15020329768554464592,0.001142761,0.384476979,1331.67921089,0.385012656,4.018503019,31.603808533,4.403515884,True
cadence600-foreground-20261004T151529Z-npu-pp512tg128,True,cadence-driver-v3-npu,qwen2.5-coder-1.5b,api-20261004T141923Z-UNPLUGGED,20.0,True,489590.62124802,489590.636916981,0.015668961,4.381105727,4.396775001,False,68.063874401,42.4,42.8,41.6,35.6,27,489590.639297554,512,128,127,1024,6,512,128,on,HTP0,99,15035156075086816172,15020329768554464592,0.00238026,0.386982083,1323.058669876,0.387560572,3.991164634,31.820285968,4.378725467,True
cadence600-foreground-20261004T151529Z-npu-pp512tg128,True,cadence-driver-v3-npu,qwen2.5-coder-1.5b,api-20261004T141923Z-UNPLUGGED,20.0,True,489610.62124802,489610.667365359,0.046117339,4.398710674,4.444828326,False,68.063874401,42.4,42.8,41.6,35.6,28,489610.668827963,512,128,127,1024,6,512,128,on,HTP0,99,15035156075086816172,15020329768554464592,0.001462239,0.381736562,1341.239092524,0.382703072,4.014545155,31.634966129,4.397248435,True
cadence600-foreground-20261004T151529Z-npu-pp512tg128,True,cadence-driver-v3-npu,qwen2.5-coder-1.5b,api-20261004T141923Z-UNPLUGGED,20.0,True,489630.62124802,489630.669277799,0.048029779,4.395913488,4.443943423,False,68.063874401,42.4,42.8,41.6,35.6,29,489630.670508788,512,128,127,1024,6,512,128,on,HTP0,99,15035156075086816172,15020329768554464592,0.001230781,0.3882625,1318.695470204,0.388990729,4.00569177,31.704885771,4.394682707,True
cadence600-reverse-20261004T154432Z-cpu-pp512tg128,True,cadence-driver-v3-cpu,qwen2.5-coder-1.5b,api-20261004T141923Z-UNPLUGGED,20.0,True,490787.620901316,490787.620910274,8.958e-06,7.675061352,7.675070518,False,66.075807162,44.8,41.3,41.2,35.1,0,490787.624232618,512,128,127,1024,6,512,128,on,none,0,15035156075086816172,15020329768554464592,0.003322188,3.07385979,166.56582765,3.07417729,4.597561769,27.623337408,7.671739164,True
cadence600-reverse-20261004T154432Z-cpu-pp512tg128,True,cadence-driver-v3-cpu,qwen2.5-coder-1.5b,api-20261004T141923Z-UNPLUGGED,20.0,True,490807.620901316,490807.638931569,0.018030253,8.304659527,8.322689989,False,66.075807162,44.8,41.3,41.2,35.1,1,490807.642289121,512,128,127,1024,6,512,128,on,none,0,15035156075086816172,15020329768554464592,0.003357343,3.761584321,136.112859983,3.762012029,4.53929005,27.977943379,8.301302184,True
cadence600-reverse-20261004T154432Z-cpu-pp512tg128,True,cadence-driver-v3-cpu,qwen2.5-coder-1.5b,api-20261004T141923Z-UNPLUGGED,20.0,True,490827.620901316,490827.657789321,0.036888005,7.436333539,7.473221909,False,66.075807162,44.8,41.3,41.2,35.1,2,490827.660769269,512,128,127,1024,6,512,128,on,none,0,15035156075086816172,15020329768554464592,0.002979531,3.412230988,150.04845856,3.412615311,4.020738593,31.586236474,7.433354008,True
cadence600-reverse-20261004T154432Z-cpu-pp512tg128,True,cadence-driver-v3-cpu,qwen2.5-coder-1.5b,api-20261004T141923Z-UNPLUGGED,20.0,True,490847.620901316,490847.640825876,0.01992456,7.440143851,7.460068776,False,66.075807162,44.8,41.3,41.2,35.1,3,490847.644536241,512,128,127,1024,6,512,128,on,none,0,15035156075086816172,15020329768554464592,0.00371,3.402164998,150.492407129,3.40253328,4.033900415,31.48317681,7.436433851,True
cadence600-reverse-20261004T154432Z-cpu-pp512tg128,True,cadence-driver-v3-cpu,qwen2.5-coder-1.5b,api-20261004T141923Z-UNPLUGGED,20.0,True,490867.620901316,490867.641259983,0.020358667,7.44347958,7.463838612,False,66.075807162,44.8,41.3,41.2,35.1,4,490867.645103473,512,128,127,1024,6,512,128,on,none,0,15035156075086816172,15020329768554464592,0.003843073,3.4609838,147.934815528,3.461365936,3.978270467,31.923420253,7.439636507,True
cadence600-reverse-20261004T154432Z-cpu-pp512tg128,True,cadence-driver-v3-cpu,qwen2.5-coder-1.5b,api-20261004T141923Z-UNPLUGGED,20.0,True,490887.620901316,490887.622430288,0.001528972,8.063150466,8.064679802,False,66.075807162,44.8,41.3,41.2,35.1,5,490887.626222371,512,128,127,1024,6,512,128,on,none,0,15035156075086816172,15020329768554464592,0.003791615,3.79220203,135.013903782,3.792626353,4.266732342,29.765166835,8.059358851,True
cadence600-reverse-20261004T154432Z-cpu-pp512tg128,True,cadence-driver-v3-cpu,qwen2.5-coder-1.5b,api-20261004T141923Z-UNPLUGGED,20.0,True,490907.620901316,490907.641192676,0.02029136,8.066545153,8.086836878,False,66.075807162,44.8,41.3,41.2,35.1,6,490907.644929708,512,128,127,1024,6,512,128,on,none,0,15035156075086816172,15020329768554464592,0.003736614,3.770382863,135.79522786,3.770792395,4.29201604,29.58982418,8.062808539,True
cadence600-reverse-20261004T154432Z-cpu-pp512tg128,True,cadence-driver-v3-cpu,qwen2.5-coder-1.5b,api-20261004T141923Z-UNPLUGGED,20.0,True,490927.620901316,490927.657059752,0.036158436,7.682185935,7.718344839,False,66.075807162,44.8,41.3,41.2,35.1,7,490927.660518867,512,128,127,1024,6,512,128,on,none,0,15035156075086816172,15020329768554464592,0.003458542,3.611297916,141.777281163,3.611744582,4.066982655,31.227081788,7.678727393,True
cadence600-reverse-20261004T154432Z-cpu-pp512tg128,True,cadence-driver-v3-cpu,qwen2.5-coder-1.5b,api-20261004T141923Z-UNPLUGGED,20.0,True,490947.620901316,490947.623900421,0.002999105,8.176426143,8.179425613,False,66.075807162,44.8,41.3,41.2,35.1,8,490947.627815786,512,128,127,1024,6,512,128,on,none,0,15035156075086816172,15020329768554464592,0.003915,3.789494894,135.110354895,3.789889113,4.382621926,28.978087123,8.172511143,True
cadence600-reverse-20261004T154432Z-cpu-pp512tg128,True,cadence-driver-v3-cpu,qwen2.5-coder-1.5b,api-20261004T141923Z-UNPLUGGED,20.0,True,490967.620901316,490967.630550622,0.009649306,8.337242445,8.346892272,False,66.075807162,44.8,41.3,41.2,35.1,9,490967.634573122,512,128,127,1024,6,512,128,on,none,0,15035156075086816172,15020329768554464592,0.004021875,4.014390623,127.541150845,4.014838175,4.318382237,29.409161355,8.33322057,True
cadence600-reverse-20261004T154432Z-cpu-pp512tg128,True,cadence-driver-v3-cpu,qwen2.5-coder-1.5b,api-20261004T141923Z-UNPLUGGED,20.0,True,490987.620901316,490987.648614885,0.027713569,8.131852861,8.159566743,False,66.075807162,44.8,41.3,41.2,35.1,10,490987.651334937,512,128,127,1024,6,512,128,on,none,0,15035156075086816172,15020329768554464592,0.002719687,3.784678957,135.28228043,3.785095103,4.344037967,29.235471919,8.129133174,True
cadence600-reverse-20261004T154432Z-cpu-pp512tg128,True,cadence-driver-v3-cpu,qwen2.5-coder-1.5b,api-20261004T141923Z-UNPLUGGED,20.0,True,491007.620901316,491007.641641388,0.020740072,8.326257966,8.34699835,False,66.075807162,44.8,41.3,41.2,35.1,11,491007.645549721,512,128,127,1024,6,512,128,on,none,0,15035156075086816172,15020329768554464592,0.003907917,4.005122134,127.836301334,4.005553957,4.316795988,29.419968039,8.322350049,True
cadence600-reverse-20261004T154432Z-cpu-pp512tg128,True,cadence-driver-v3-cpu,qwen2.5-coder-1.5b,api-20261004T141923Z-UNPLUGGED,20.0,True,491027.620901316,491027.658939141,0.038037825,8.454520935,8.492559072,False,66.075807162,44.8,41.3,41.2,35.1,12,491027.662816224,512,128,127,1024,6,512,128,on,none,0,15035156075086816172,15020329768554464592,0.003876667,3.962160728,129.22242058,3.962584946,4.488059165,28.297309668,8.450644268,True
cadence600-reverse-20261004T154432Z-cpu-pp512tg128,True,cadence-driver-v3-cpu,qwen2.5-coder-1.5b,api-20261004T141923Z-UNPLUGGED,20.0,True,491047.620901316,491047.66037804,0.039476724,8.266370934,8.305848022,False,66.075807162,44.8,41.3,41.2,35.1,13,491047.664389758,512,128,127,1024,6,512,128,on,none,0,15035156075086816172,15020329768554464592,0.00401125,3.771716353,135.747217468,3.772140884,4.490218644,28.283700654,8.262359684,True
cadence600-reverse-20261004T154432Z-cpu-pp512tg128,True,cadence-driver-v3-cpu,qwen2.5-coder-1.5b,api-20261004T141923Z-UNPLUGGED,20.0,True,491067.620901316,491067.658483605,0.037582289,8.080820152,8.11840265,False,66.075807162,44.8,41.3,41.2,35.1,14,491067.659258553,512,128,127,1024,6,512,128,on,none,0,15035156075086816172,15020329768554464592,0.000774687,3.772078592,135.734181437,3.772500571,4.307544738,29.483152869,8.080045465,True
cadence600-reverse-20261004T154432Z-cpu-pp512tg128,True,cadence-driver-v3-cpu,qwen2.5-coder-1.5b,api-20261004T141923Z-UNPLUGGED,20.0,True,491087.620901316,491087.658369795,0.037468479,8.191932757,8.229401653,False,66.075807162,44.8,41.3,41.2,35.1,15,491087.661405941,512,128,127,1024,6,512,128,on,none,0,15035156075086816172,15020329768554464592,0.003035625,3.780359477,135.436855441,3.780790102,4.408106926,28.810553404,8.188897132,True
cadence600-reverse-20261004T154432Z-cpu-pp512tg128,True,cadence-driver-v3-cpu,qwen2.5-coder-1.5b,api-20261004T141923Z-UNPLUGGED,20.0,True,491107.620901316,491107.63759984,0.016698524,8.260982809,8.27768175,False,66.075807162,44.8,41.3,41.2,35.1,16,491107.639940673,512,128,127,1024,6,512,128,on,none,0,15035156075086816172,15020329768554464592,0.002340312,3.858313384,132.700470139,3.858715311,4.399927029,28.864115055,8.258642497,True
cadence600-reverse-20261004T154432Z-cpu-pp512tg128,True,cadence-driver-v3-cpu,qwen2.5-coder-1.5b,api-20261004T141923Z-UNPLUGGED,20.0,True,491127.620901316,491127.647286811,0.026385495,8.104688852,8.131074763,False,66.075807162,44.8,41.3,41.2,35.1,17,491127.651398582,512,128,127,1024,6,512,128,on,none,0,15035156075086816172,15020329768554464592,0.004111355,3.800941509,134.70346723,3.801359477,4.299217915,29.54025651,8.100577497,True
cadence600-reverse-20261004T154432Z-cpu-pp512tg128,True,cadence-driver-v3-cpu,qwen2.5-coder-1.5b,api-20261004T141923Z-UNPLUGGED,20.0,True,491147.620901316,491147.650927428,0.030026112,8.190215778,8.220242255,False,66.075807162,44.8,41.3,41.2,35.1,18,491147.654844876,512,128,127,1024,6,512,128,on,none,0,15035156075086816172,15020329768554464592,0.003916979,3.783966509,135.307751478,3.784416822,4.401881873,28.85129671,8.186298799,True
cadence600-reverse-20261004T154432Z-cpu-pp512tg128,True,cadence-driver-v3-cpu,qwen2.5-coder-1.5b,api-20261004T141923Z-UNPLUGGED,20.0,True,491167.620901316,491167.630656431,0.009755115,8.202611872,8.212367404,False,66.075807162,44.8,41.3,41.2,35.1,19,491167.63392065,512,128,127,1024,6,512,128,on,none,0,15035156075086816172,15020329768554464592,0.00326375,3.780058696,135.447632213,3.780465363,4.418882655,28.74029702,8.199348122,True
cadence600-reverse-20261004T154432Z-cpu-pp512tg128,True,cadence-driver-v3-cpu,qwen2.5-coder-1.5b,api-20261004T141923Z-UNPLUGGED,20.0,True,491187.620901316,491187.658124965,0.037223649,8.151022914,8.188247084,False,66.075807162,44.8,41.3,41.2,35.1,20,491187.662177622,512,128,127,1024,6,512,128,on,none,0,15035156075086816172,15020329768554464592,0.004052083,3.814091457,134.239046382,3.814540988,4.332429685,29.31380524,8.146970831,True
cadence600-reverse-20261004T154432Z-cpu-pp512tg128,True,cadence-driver-v3-cpu,qwen2.5-coder-1.5b,api-20261004T141923Z-UNPLUGGED,20.0,True,491207.620901316,491207.62143376,0.000532444,8.114310518,8.114843378,False,66.075807162,44.8,41.3,41.2,35.1,21,491207.625332874,512,128,127,1024,6,512,128,on,none,0,15035156075086816172,15020329768554464592,0.003898646,3.783035936,135.341035259,3.78345729,4.326954478,29.350898108,8.110411872,True
cadence600-reverse-20261004T154432Z-cpu-pp512tg128,True,cadence-driver-v3-cpu,qwen2.5-coder-1.5b,api-20261004T141923Z-UNPLUGGED,20.0,True,491227.620901316,491227.639702242,0.018800926,8.149320674,8.168122068,False,66.075807162,44.8,41.3,41.2,35.1,22,491227.643838492,512,128,127,1024,6,512,128,on,none,0,15035156075086816172,15020329768554464592,0.004135729,3.818568228,134.081668686,3.818988593,4.326196248,29.356042287,8.145184945,True
cadence600-reverse-20261004T154432Z-cpu-pp512tg128,True,cadence-driver-v3-cpu,qwen2.5-coder-1.5b,api-20261004T141923Z-UNPLUGGED,20.0,True,491247.620901316,491247.625016245,0.004114929,8.102509267,8.106624457,False,66.075807162,44.8,41.3,41.2,35.1,23,491247.628836401,512,128,127,1024,6,512,128,on,none,0,15035156075086816172,15020329768554464592,0.003819791,3.795431665,134.899016816,3.795881248,4.302808071,29.515608855,8.098689476,True
cadence600-reverse-20261004T154432Z-cpu-pp512tg128,True,cadence-driver-v3-cpu,qwen2.5-coder-1.5b,api-20261004T141923Z-UNPLUGGED,20.0,True,491267.620901316,491267.630764414,0.009863098,9.071859112,9.081722626,False,66.075807162,44.8,41.3,41.2,35.1,24,491267.634551445,512,128,127,1024,6,512,128,on,none,0,15035156075086816172,15020329768554464592,0.003786511,4.233862238,120.929773152,4.234333384,4.833739113,26.27365628,9.068072601,True
cadence600-reverse-20261004T154432Z-cpu-pp512tg128,True,cadence-driver-v3-cpu,qwen2.5-coder-1.5b,api-20261004T141923Z-UNPLUGGED,20.0,True,491287.620901316,491287.64631024,0.025408924,8.05224135,8.077650639,False,66.075807162,44.8,41.3,41.2,35.1,25,491287.650188573,512,128,127,1024,6,512,128,on,none,0,15035156075086816172,15020329768554464592,0.003877864,3.798223905,134.799846667,3.798640519,4.249722811,29.884302023,8.048363486,True
cadence600-reverse-20261004T154432Z-cpu-pp512tg128,True,cadence-driver-v3-cpu,qwen2.5-coder-1.5b,api-20261004T141923Z-UNPLUGGED,20.0,True,491307.620901316,491307.639552367,0.018651051,8.08605932,8.104710684,False,66.075807162,44.8,41.3,41.2,35.1,26,491307.643505545,512,128,127,1024,6,512,128,on,none,0,15035156075086816172,15020329768554464592,0.003952812,3.787074895,135.196692486,3.787482395,4.294624009,29.571855355,8.082106508,True
cadence600-reverse-20261004T154432Z-cpu-pp512tg128,True,cadence-driver-v3-cpu,qwen2.5-coder-1.5b,api-20261004T141923Z-UNPLUGGED,20.0,True,491327.620901316,491327.661108506,0.04020719,8.147373903,8.187581405,False,66.075807162,44.8,41.3,41.2,35.1,27,491327.664400589,512,128,127,1024,6,512,128,on,none,0,15035156075086816172,15020329768554464592,0.003291667,3.787708748,135.174068035,3.788143384,4.355938748,29.155598218,8.144082236,True
cadence600-reverse-20261004T154432Z-cpu-pp512tg128,True,cadence-driver-v3-cpu,qwen2.5-coder-1.5b,api-20261004T141923Z-UNPLUGGED,20.0,True,491347.620901316,491347.647635529,0.026734213,7.28789906,7.314633533,False,66.075807162,44.8,41.3,41.2,35.1,28,491347.651608081,512,128,127,1024,6,512,128,on,none,0,15035156075086816172,15020329768554464592,0.00397224,3.414453645,149.950783707,3.414829895,3.869096821,32.824197965,7.28392682,True
cadence600-reverse-20261004T154432Z-cpu-pp512tg128,True,cadence-driver-v3-cpu,qwen2.5-coder-1.5b,api-20261004T141923Z-UNPLUGGED,20.0,True,491367.620901316,491367.643429167,0.022527851,7.328283851,7.350812067,False,66.075807162,44.8,41.3,41.2,35.1,29,491367.647538647,512,128,127,1024,6,512,128,on,none,0,15035156075086816172,15020329768554464592,0.00410901,3.420430676,149.688752236,3.420840624,3.903334009,32.536288134,7.324174841,True
cadence600-reverse-20261004T154432Z-npu-pp512tg128,True,cadence-driver-v3-npu,qwen2.5-coder-1.5b,api-20261004T141923Z-UNPLUGGED,20.0,True,490026.586099783,490026.586121502,2.1719e-05,4.35580328,4.355825259,False,62.058098727,42.4,42.0,41.2,34.4,0,490026.587987283,512,128,127,1024,6,512,128,on,HTP0,99,15035156075086816172,15020329768554464592,0.001865573,0.380678073,1344.968455801,0.381405104,3.972532343,31.969532035,4.353937707,True
cadence600-reverse-20261004T154432Z-npu-pp512tg128,True,cadence-driver-v3-npu,qwen2.5-coder-1.5b,api-20261004T141923Z-UNPLUGGED,20.0,True,490046.586099783,490046.599737953,0.01363817,4.370935832,4.384574574,False,62.058098727,42.4,42.0,41.2,34.4,1,490046.601207744,512,128,127,1024,6,512,128,on,HTP0,99,15035156075086816172,15020329768554464592,0.001469219,0.383401615,1335.414301789,0.384125313,3.98534104,31.866783476,4.369466613,True
cadence600-reverse-20261004T154432Z-npu-pp512tg128,True,cadence-driver-v3-npu,qwen2.5-coder-1.5b,api-20261004T141923Z-UNPLUGGED,20.0,True,490066.586099783,490066.622373622,0.036273839,4.367888748,4.404163056,False,62.058098727,42.4,42.0,41.2,34.4,2,490066.623646747,512,128,127,1024,6,512,128,on,HTP0,99,15035156075086816172,15020329768554464592,0.001272656,0.38466526,1331.027397691,0.385338073,3.981277603,31.899307877,4.366616092,True
cadence600-reverse-20261004T154432Z-npu-pp512tg128,True,cadence-driver-v3-npu,qwen2.5-coder-1.5b,api-20261004T141923Z-UNPLUGGED,20.0,True,490086.586099783,490086.597928719,0.011828936,4.36891104,4.380740288,False,62.058098727,42.4,42.0,41.2,34.4,3,490086.599135906,512,128,127,1024,6,512,128,on,HTP0,99,15035156075086816172,15020329768554464592,0.001206927,0.385403073,1328.479287969,0.385918281,3.981785415,31.895239638,4.367704113,True
cadence600-reverse-20261004T154432Z-npu-pp512tg128,True,cadence-driver-v3-npu,qwen2.5-coder-1.5b,api-20261004T141923Z-UNPLUGGED,20.0,True,490106.586099783,490106.625356471,0.039256688,4.3664263,4.40568351,False,62.058098727,42.4,42.0,41.2,34.4,4,490106.626335794,512,128,127,1024,6,512,128,on,HTP0,99,15035156075086816172,15020329768554464592,0.000978906,0.381988438,1340.354704663,0.382505833,3.982941248,31.885983772,4.365447394,True
cadence600-reverse-20261004T154432Z-npu-pp512tg128,True,cadence-driver-v3-npu,qwen2.5-coder-1.5b,api-20261004T141923Z-UNPLUGGED,20.0,True,490126.586099783,490126.596165266,0.010065483,4.361498228,4.371564231,False,62.058098727,42.4,42.0,41.2,34.4,5,490126.597315214,512,128,127,1024,6,512,128,on,HTP0,99,15035156075086816172,15020329768554464592,0.00114948,0.383951718,1333.501000248,0.384400573,3.975947863,31.942068753,4.360348748,True
cadence600-reverse-20261004T154432Z-npu-pp512tg128,True,cadence-driver-v3-npu,qwen2.5-coder-1.5b,api-20261004T141923Z-UNPLUGGED,20.0,True,490146.586099783,490146.614489633,0.02838985,4.381194113,4.409584224,False,62.058098727,42.4,42.0,41.2,34.4,6,490146.615461925,512,128,127,1024,6,512,128,on,HTP0,99,15035156075086816172,15020329768554464592,0.000972084,0.381743698,1341.214020513,0.382258073,3.997963488,31.766173048,4.380222029,True
cadence600-reverse-20261004T154432Z-npu-pp512tg128,True,cadence-driver-v3-npu,qwen2.5-coder-1.5b,api-20261004T141923Z-UNPLUGGED,20.0,True,490166.586099783,490166.601029209,0.014929426,4.362364061,4.377294008,False,62.058098727,42.4,42.0,41.2,34.4,7,490166.603595615,512,128,127,1024,6,512,128,on,HTP0,99,15035156075086816172,15020329768554464592,0.002565886,0.387320677,1321.902057917,0.388220573,3.971577394,31.977218974,4.359798175,True
cadence600-reverse-20261004T154432Z-npu-pp512tg128,True,cadence-driver-v3-npu,qwen2.5-coder-1.5b,api-20261004T141923Z-UNPLUGGED,20.0,True,490186.586099783,490186.627079931,0.040980148,4.457792186,4.49877301,False,62.058098727,42.4,42.0,41.2,34.4,8,490186.62983717,512,128,127,1024,6,512,128,on,HTP0,99,15035156075086816172,15020329768554464592,0.002756563,0.390992239,1309.488907784,0.392007083,4.063028175,31.257474605,4.455035623,True
cadence600-reverse-20261004T154432Z-npu-pp512tg128,True,cadence-driver-v3-npu,qwen2.5-coder-1.5b,api-20261004T141923Z-UNPLUGGED,20.0,True,490206.586099783,490206.587108621,0.001008838,4.368617862,4.369627169,False,62.058098727,42.4,42.0,41.2,34.4,9,490206.588639194,512,128,127,1024,6,512,128,on,HTP0,99,15035156075086816172,15020329768554464592,0.001530156,0.383599114,1334.726753305,0.384757864,3.982329425,31.890882558,4.367087706,True
cadence600-reverse-20261004T154432Z-npu-pp512tg128,True,cadence-driver-v3-npu,qwen2.5-coder-1.5b,api-20261004T141923Z-UNPLUGGED,20.0,True,490226.586099783,490226.604819811,0.018720028,4.371759269,4.390479714,False,62.058098727,42.4,42.0,41.2,34.4,10,490226.605881217,512,128,127,1024,6,512,128,on,HTP0,99,15035156075086816172,15020329768554464592,0.001060989,0.383989167,1333.370948978,0.384528021,3.986169791,31.860158162,4.37069828,True
cadence600-reverse-20261004T154432Z-npu-pp512tg128,True,cadence-driver-v3-npu,qwen2.5-coder-1.5b,api-20261004T141923Z-UNPLUGGED,20.0,True,490246.586099783,490246.586489491,0.000389708,4.381311145,4.381701373,False,62.058098727,42.4,42.0,41.2,34.4,11,490246.588993033,512,128,127,1024,6,512,128,on,HTP0,99,15035156075086816172,15020329768554464592,0.002503021,0.385421771,1328.414839337,0.386599219,3.992208541,31.811965406,4.378808124,True
cadence600-reverse-20261004T154432Z-npu-pp512tg128,True,cadence-driver-v3-npu,qwen2.5-coder-1.5b,api-20261004T141923Z-UNPLUGGED,20.0,True,490266.586099783,490266.620040994,0.033941211,4.360612447,4.394554074,False,62.058098727,42.4,42.0,41.2,34.4,12,490266.62111714,512,128,127,1024,6,512,128,on,HTP0,99,15035156075086816172,15020329768554464592,0.001075729,0.382169271,1339.720482132,0.383311563,3.97622479,31.939844125,4.359536718,True
cadence600-reverse-20261004T154432Z-npu-pp512tg128,True,cadence-driver-v3-npu,qwen2.5-coder-1.5b,api-20261004T141923Z-UNPLUGGED,20.0,True,490286.586099783,490286.588173122,0.002073339,4.396078488,4.398152295,False,62.058098727,42.4,42.0,41.2,34.4,13,490286.590248642,512,128,127,1024,6,512,128,on,HTP0,99,15035156075086816172,15020329768554464592,0.002075,0.391735833,1307.003232456,0.392642187,4.001360467,31.739204965,4.394003488,True
cadence600-reverse-20261004T154432Z-npu-pp512tg128,True,cadence-driver-v3-npu,qwen2.5-coder-1.5b,api-20261004T141923Z-UNPLUGGED,20.0,True,490306.586099783,490306.587448218,0.001348435,4.363473904,4.36482286,False,62.058098727,42.4,42.0,41.2,34.4,14,490306.589975353,512,128,127,1024,6,512,128,on,HTP0,99,15035156075086816172,15020329768554464592,0.002526614,0.386414011,1325.003714733,0.387117292,3.973829634,31.959095305,4.36094729,True
cadence600-reverse-20261004T154432Z-npu-pp512tg128,True,cadence-driver-v3-npu,qwen2.5-coder-1.5b,api-20261004T141923Z-UNPLUGGED,20.0,True,490326.586099783,490326.60727769,0.021177907,4.374980051,4.39615853,False,62.058098727,42.4,42.0,41.2,34.4,15,490326.609098523,512,128,127,1024,6,512,128,on,HTP0,99,15035156075086816172,15020329768554464592,0.001820261,0.38378677,1334.07412663,0.384378437,3.988781041,31.839300953,4.37315979,True
cadence600-reverse-20261004T154432Z-npu-pp512tg128,True,cadence-driver-v3-npu,qwen2.5-coder-1.5b,api-20261004T141923Z-UNPLUGGED,20.0,True,490346.586099783,490346.634993672,0.048893889,4.381917759,4.430812116,False,62.058098727,42.4,42.0,41.2,34.4,16,490346.636253307,512,128,127,1024,6,512,128,on,HTP0,99,15035156075086816172,15020329768554464592,0.001259219,0.380749323,1344.716770514,0.38128776,3.999370572,31.754996871,4.38065854,True
cadence600-reverse-20261004T154432Z-npu-pp512tg128,True,cadence-driver-v3-npu,qwen2.5-coder-1.5b,api-20261004T141923Z-UNPLUGGED,20.0,True,490366.586099783,490366.62571981,0.039620027,4.369443228,4.409063723,False,62.058098727,42.4,42.0,41.2,34.4,17,490366.626991268,512,128,127,1024,6,512,128,on,HTP0,99,15035156075086816172,15020329768554464592,0.00127099,0.388525937,1317.801338962,0.38911375,3.97905828,31.917099741,4.368172238,True
cadence600-reverse-20261004T154432Z-npu-pp512tg128,True,cadence-driver-v3-npu,qwen2.5-coder-1.5b,api-20261004T141923Z-UNPLUGGED,20.0,True,490386.586099783,490386.598973031,0.012873248,4.385241873,4.398115747,False,62.058098727,42.4,42.0,41.2,34.4,18,490386.601484854,512,128,127,1024,6,512,128,on,HTP0,99,15035156075086816172,15020329768554464592,0.002511198,0.388458489,1318.030148647,0.389356979,3.99337328,31.802686875,4.382730675,True
cadence600-reverse-20261004T154432Z-npu-pp512tg128,True,cadence-driver-v3-npu,qwen2.5-coder-1.5b,api-20261004T141923Z-UNPLUGGED,20.0,True,490406.586099783,490406.593080367,0.006980584,4.380001405,4.386982458,False,62.058098727,42.4,42.0,41.2,34.4,19,490406.594092607,512,128,127,1024,6,512,128,on,HTP0,99,15035156075086816172,15020329768554464592,0.001011823,0.384211354,1332.599868977,0.384887552,3.994101509,31.796888415,4.378989582,True
cadence600-reverse-20261004T154432Z-npu-pp512tg128,True,cadence-driver-v3-npu,qwen2.5-coder-1.5b,api-20261004T141923Z-UNPLUGGED,20.0,True,490426.586099783,490426.597402235,0.011302452,4.426401301,4.437704065,False,62.058098727,42.4,42.0,41.2,34.4,20,490426.598479839,512,128,127,1024,6,512,128,on,HTP0,99,15035156075086816172,15020329768554464592,0.00107724,0.387399114,1321.634411379,0.38795177,4.037371821,31.456107,4.425324061,True
cadence600-reverse-20261004T154432Z-npu-pp512tg128,True,cadence-driver-v3-npu,qwen2.5-coder-1.5b,api-20261004T141923Z-UNPLUGGED,20.0,True,490446.586099783,490446.624786029,0.038686246,4.373041925,4.411728588,False,62.058098727,42.4,42.0,41.2,34.4,21,490446.626143529,512,128,127,1024,6,512,128,on,HTP0,99,15035156075086816172,15020329768554464592,0.001357083,0.386273333,1325.48627166,0.386810677,3.984873697,31.870520789,4.371684842,True
cadence600-reverse-20261004T154432Z-npu-pp512tg128,True,cadence-driver-v3-npu,qwen2.5-coder-1.5b,api-20261004T141923Z-UNPLUGGED,20.0,True,490466.586099783,490466.607498834,0.021399051,4.393499843,4.414899258,False,62.058098727,42.4,42.0,41.2,34.4,22,490466.608630813,512,128,127,1024,6,512,128,on,HTP0,99,15035156075086816172,15020329768554464592,0.001131615,0.386867917,1323.44910886,0.387978854,4.0043888,31.71520208,4.392368228,True
cadence600-reverse-20261004T154432Z-npu-pp512tg128,True,cadence-driver-v3-npu,qwen2.5-coder-1.5b,api-20261004T141923Z-UNPLUGGED,20.0,True,490486.586099783,490486.60224242,0.016142637,4.397690936,4.413834198,False,62.058098727,42.4,42.0,41.2,34.4,23,490486.603847681,512,128,127,1024,6,512,128,on,HTP0,99,15035156075086816172,15020329768554464592,0.001604635,0.385114636,1329.474271136,0.386464948,4.00962078,31.673818291,4.396086301,True
cadence600-reverse-20261004T154432Z-npu-pp512tg128,True,cadence-driver-v3-npu,qwen2.5-coder-1.5b,api-20261004T141923Z-UNPLUGGED,20.0,True,490506.586099783,490506.604086579,0.017986796,4.373624477,4.39161169,False,62.058098727,42.4,42.0,41.2,34.4,24,490506.605288454,512,128,127,1024,6,512,128,on,HTP0,99,15035156075086816172,15020329768554464592,0.001201458,0.381510625,1342.033396842,0.381912656,3.990509998,31.825506029,4.372423019,True
cadence600-reverse-20261004T154432Z-npu-pp512tg128,True,cadence-driver-v3-npu,qwen2.5-coder-1.5b,api-20261004T141923Z-UNPLUGGED,20.0,True,490526.586099783,490526.595956624,0.009856841,4.374099946,4.383957412,False,62.058098727,42.4,42.0,41.2,34.4,25,490526.598391624,512,128,127,1024,6,512,128,on,HTP0,99,15035156075086816172,15020329768554464592,0.002434375,0.386846874,1323.521099462,0.387646458,3.984018748,31.877360031,4.371665571,True
cadence600-reverse-20261004T154432Z-npu-pp512tg128,True,cadence-driver-v3-npu,qwen2.5-coder-1.5b,api-20261004T141923Z-UNPLUGGED,20.0,True,490546.586099783,490546.627476616,0.041376833,4.360309529,4.401686727,False,62.058098727,42.4,42.0,41.2,34.4,26,490546.628497449,512,128,127,1024,6,512,128,on,HTP0,99,15035156075086816172,15020329768554464592,0.001020468,0.383053802,1336.62685849,0.383479636,3.975809113,31.943183486,4.359289061,True
cadence600-reverse-20261004T154432Z-npu-pp512tg128,True,cadence-driver-v3-npu,qwen2.5-coder-1.5b,api-20261004T141923Z-UNPLUGGED,20.0,True,490566.586099783,490566.590840931,0.004741148,4.374566613,4.379308282,False,62.058098727,42.4,42.0,41.2,34.4,27,490566.592303952,512,128,127,1024,6,512,128,on,HTP0,99,15035156075086816172,15020329768554464592,0.0014625,0.385864114,1326.891984571,0.386444948,3.986658697,31.856250974,4.373104113,True
cadence600-reverse-20261004T154432Z-npu-pp512tg128,True,cadence-driver-v3-npu,qwen2.5-coder-1.5b,api-20261004T141923Z-UNPLUGGED,20.0,True,490586.586099783,490586.621680872,0.035581089,4.361777915,4.397359316,False,62.058098727,42.4,42.0,41.2,34.4,28,490586.622991705,512,128,127,1024,6,512,128,on,HTP0,99,15035156075086816172,15020329768554464592,0.001310521,0.383313333,1335.721864911,0.383719739,3.976747238,31.935648006,4.360467394,True
cadence600-reverse-20261004T154432Z-npu-pp512tg128,True,cadence-driver-v3-npu,qwen2.5-coder-1.5b,api-20261004T141923Z-UNPLUGGED,20.0,True,490606.586099783,490606.635335916,0.049236133,4.383010622,4.432247277,False,62.058098727,42.4,42.0,41.2,34.4,29,490606.638977531,512,128,127,1024,6,512,128,on,HTP0,99,15035156075086816172,15020329768554464592,0.003641093,0.387489583,1321.325843229,0.387914322,3.99145479,31.817972815,4.379369529,True
full7-registration-profile-20261004T145249Z-window2048,False,hexagon-registration-profile-v1,mistral-7b-uncensored,api-20261004T141923Z-UNPLUGGED,0.0,True,-1.0,487071.549759921,0.0,6.224561143,6.224561143,False,10.041767913,37.4,38.1,37.6,30.3,0,487071.557175494,128,16,15,1024,6,512,128,on,HTP0,99,6562453013952157076,1702734007547021654,0.007415208,0.649428176,197.096468448,0.649602395,5.567543332,2.694186485,6.217145935,True
full7-response-20261004T144134Z-HTP0-p128g64,True,hexagon-sphal-v75-registration-window-prototype,mistral-7b-uncensored,api-20261004T141923Z-UNPLUGGED,0.0,True,-1.0,486277.688497515,0.0,16.798010931,16.798010931,False,14.023693796,43.6,41.6,40.8,30.9,0,486277.691730849,128,64,63,1024,6,512,128,on,HTP0,99,6562453013952157076,13471825428213023274,0.003233125,0.538282187,237.793490276,0.538374687,16.256403015,3.875396048,16.794777806,True
full7-response-20261004T144134Z-none-p128g64,True,hexagon-sphal-v75-registration-window-prototype,mistral-7b-uncensored,api-20261004T141923Z-UNPLUGGED,0.0,True,-1.0,486406.39096757,0.0,11.560434683,11.560434683,False,42.056885609,42.4,40.5,40.4,31.6,0,486406.398136529,128,64,63,1024,6,512,128,on,none,0,6562453013952157076,13471825428213023274,0.00716875,3.565900832,35.895557961,3.566009009,7.987256768,7.887564132,11.553265933,True
mistral7-canonical-screen-20261004T183541Z-ngl0-r0,True,preserved-npu-canonical-partial,mistral-7b-uncensored,api-20261004T141923Z-UNPLUGGED,0.0,False,-1.0,500786.354953647,0.0,14.689826505,14.689826505,False,28.035009885,42.0,39.3,39.6,31.5,0,500786.362559325,128,64,63,1024,6,512,128,on,none,0,6562453013952157076,13471825428213023274,0.007605468,7.030341196,18.206797712,7.030412081,7.651808851,8.233347334,14.682221037,True
mistral7-canonical-screen-20261004T183541Z-ngl16-r3,True,preserved-npu-canonical-partial,mistral-7b-uncensored,api-20261004T141923Z-UNPLUGGED,0.0,False,-1.0,501719.849395843,0.0,11.841036662,11.841036662,False,370.31816465,43.2,42.8,41.6,35.3,0,501719.894392718,128,64,63,1024,6,512,128,on,HTP0,16,6562453013952157076,13471825428213023274,0.044996718,3.936940572,32.512555793,3.937021718,7.85901807,8.016268628,11.796039944,True
mistral7-canonical-screen-20261004T183541Z-ngl3-r1,True,preserved-npu-canonical-partial,mistral-7b-uncensored,api-20261004T141923Z-UNPLUGGED,0.0,False,-1.0,501003.424497575,0.0,16.355424837,16.355424837,False,140.116226665,42.4,41.6,40.4,33.1,0,501003.428827367,128,64,63,1024,6,512,128,on,HTP0,3,6562453013952157076,13471825428213023274,0.004329531,6.683271299,19.152297471,6.683339945,9.667755205,6.516507572,16.351095306,True
mistral7-canonical-screen-20261004T183541Z-ngl6-r2,True,preserved-npu-canonical-partial,mistral-7b-uncensored,api-20261004T141923Z-UNPLUGGED,0.0,False,-1.0,501254.602349458,0.0,13.685448849,13.685448849,False,174.153314569,43.6,42.4,41.6,34.5,0,501254.608626906,128,64,63,1024,6,512,128,on,HTP0,6,6562453013952157076,13471825428213023274,0.006277187,5.982866144,21.394428175,5.982939321,7.696232237,8.185823668,13.679171662,True
