utc,seconds_since_first_sample,pass,stage,battery_c,cpu_max_c,htp_max_c
2026-10-10T16:54:42.929890+00:00,0.000,1,evaluation,35.5,66.2,56.8
2026-10-10T16:54:47.948158+00:00,5.024,1,evaluation,35.5,64.6,57.2
2026-10-10T16:54:52.966868+00:00,10.037,1,evaluation,35.5,67.4,57.2
2026-10-10T16:54:57.978864+00:00,15.049,1,evaluation,35.5,65.8,58.0
2026-10-10T16:55:02.984452+00:00,20.055,1,evaluation,36.0,66.2,57.2
2026-10-10T16:55:07.990867+00:00,25.061,1,evaluation,36.0,64.2,57.6
2026-10-10T16:55:12.997013+00:00,30.067,1,evaluation,36.0,66.2,56.8
2026-10-10T16:55:18.001808+00:00,35.072,1,evaluation,36.0,67.4,57.6
2026-10-10T16:55:23.005129+00:00,40.075,1,evaluation,36.0,65.0,57.6
2026-10-10T16:55:28.007805+00:00,45.078,1,evaluation,36.0,67.0,59.6
2026-10-10T16:55:33.029843+00:00,50.100,1,evaluation,36.4,67.0,58.0
2026-10-10T16:55:38.033499+00:00,55.104,1,evaluation,36.4,66.6,57.6
2026-10-10T16:55:43.035681+00:00,60.111,1,evaluation,36.4,66.6,58.0
2026-10-10T16:55:48.057239+00:00,65.127,1,evaluation,36.4,67.7,58.8
2026-10-10T16:55:53.060345+00:00,70.130,1,evaluation,36.4,67.0,58.8
2026-10-10T16:55:58.079422+00:00,75.150,1,evaluation,36.4,68.9,58.4
2026-10-10T16:56:03.092585+00:00,80.166,1,evaluation,36.9,67.4,59.2
2026-10-10T16:56:08.109466+00:00,85.180,1,evaluation,36.9,65.0,58.8
2026-10-10T16:56:13.113997+00:00,90.184,1,evaluation,36.9,68.5,59.2
2026-10-10T16:56:18.118326+00:00,95.189,1,evaluation,36.9,65.8,58.4
2026-10-10T16:56:23.124104+00:00,100.194,1,evaluation,36.9,67.4,58.8
2026-10-10T16:56:28.131292+00:00,105.202,1,evaluation,36.9,68.5,59.2
2026-10-10T16:56:33.136150+00:00,110.206,1,evaluation,37.4,65.4,59.2
2026-10-10T16:56:38.142294+00:00,115.212,1,evaluation,37.4,65.4,58.4
2026-10-10T16:56:43.154060+00:00,120.224,1,evaluation,37.4,66.2,58.8
2026-10-10T16:56:48.161294+00:00,125.231,1,evaluation,37.4,66.2,59.2
2026-10-10T16:56:48.917988+00:00,125.988,1,evaluation,37.4,66.6,59.2
2026-10-10T16:56:53.934298+00:00,131.005,1,evaluation,37.4,65.8,58.8
2026-10-10T16:56:58.941442+00:00,136.012,1,evaluation,37.4,65.4,58.8
2026-10-10T16:57:03.949965+00:00,141.020,1,evaluation,37.8,66.2,58.4
2026-10-10T16:57:08.955658+00:00,146.026,1,evaluation,37.8,65.8,58.4
2026-10-10T16:57:13.961471+00:00,151.032,1,evaluation,37.8,67.0,58.8
2026-10-10T16:57:18.972601+00:00,156.043,1,rest_or_setup,37.8,59.6,56.4
2026-10-10T16:57:23.977190+00:00,161.047,1,rest_or_setup,37.8,54.5,53.7
2026-10-10T16:57:28.981857+00:00,166.052,1,rest_or_setup,37.8,53.7,52.6
2026-10-10T16:57:33.984376+00:00,171.055,1,rest_or_setup,37.9,56.4,51.8
2026-10-10T16:57:38.987494+00:00,176.058,1,rest_or_setup,37.9,54.5,51.0
2026-10-10T16:57:43.992176+00:00,181.062,1,rest_or_setup,37.9,52.6,50.2
2026-10-10T16:57:48.996388+00:00,186.066,1,rest_or_setup,37.9,68.1,54.5
2026-10-10T16:57:54.026482+00:00,191.098,2,evaluation,37.9,81.4,59.2
2026-10-10T16:57:59.045514+00:00,196.116,2,evaluation,37.9,84.9,64.6
2026-10-10T16:58:04.054162+00:00,201.124,2,evaluation,37.8,76.7,64.2
2026-10-10T16:58:09.060287+00:00,206.130,2,evaluation,37.8,74.8,61.5
2026-10-10T16:58:14.071204+00:00,211.141,2,evaluation,37.8,71.3,61.1
2026-10-10T16:58:19.082152+00:00,216.152,2,evaluation,37.8,70.5,60.3
2026-10-10T16:58:24.092108+00:00,221.162,2,evaluation,37.8,68.9,60.3
2026-10-10T16:58:29.114696+00:00,226.185,2,evaluation,37.8,67.7,59.2
2026-10-10T16:58:34.128819+00:00,231.199,2,evaluation,38.5,67.7,59.6
2026-10-10T16:58:39.144851+00:00,236.215,2,evaluation,38.5,68.1,59.6
2026-10-10T16:58:44.158474+00:00,241.229,2,evaluation,38.5,67.7,60.7
2026-10-10T16:58:49.180881+00:00,246.251,2,evaluation,38.5,67.7,59.2
2026-10-10T16:58:54.187171+00:00,251.257,2,evaluation,38.5,67.7,60.3
2026-10-10T16:58:59.201739+00:00,256.272,2,evaluation,38.5,67.7,59.2
2026-10-10T16:59:04.221100+00:00,261.291,2,evaluation,38.9,66.6,61.5
2026-10-10T16:59:09.228445+00:00,266.299,2,evaluation,38.9,67.4,60.3
2026-10-10T16:59:14.237619+00:00,271.308,2,evaluation,38.9,68.1,59.6
2026-10-10T16:59:19.253526+00:00,276.324,2,evaluation,38.9,68.1,59.2
2026-10-10T16:59:24.261997+00:00,281.332,2,evaluation,38.9,68.1,60.0
2026-10-10T16:59:29.274324+00:00,286.344,2,evaluation,38.9,68.5,59.2
2026-10-10T16:59:34.278271+00:00,291.348,2,evaluation,39.2,68.1,60.3
2026-10-10T16:59:39.289471+00:00,296.360,2,evaluation,39.2,68.1,59.6
2026-10-10T16:59:44.294391+00:00,301.365,2,rest_or_setup,39.2,59.6,57.2
2026-10-10T16:59:49.307496+00:00,306.378,2,rest_or_setup,39.2,55.7,54.9
2026-10-10T16:59:54.310994+00:00,311.381,2,rest_or_setup,39.2,54.1,53.3
2026-10-10T16:59:59.314479+00:00,316.385,2,rest_or_setup,39.2,54.9,52.9
2026-10-10T17:00:04.319965+00:00,321.390,2,rest_or_setup,39.0,53.3,52.2
2026-10-10T17:00:09.323059+00:00,326.393,2,rest_or_setup,39.0,55.3,51.8
2026-10-10T17:00:14.326458+00:00,331.397,2,rest_or_setup,39.0,63.5,54.5
2026-10-10T17:00:19.342156+00:00,336.412,3,evaluation,39.0,73.6,60.0
2026-10-10T17:00:24.361858+00:00,341.432,3,evaluation,39.0,71.6,66.6
2026-10-10T17:00:29.367036+00:00,346.437,3,evaluation,39.0,70.9,60.0
2026-10-10T17:00:34.371551+00:00,351.442,3,evaluation,38.9,68.9,59.6
2026-10-10T17:00:39.376352+00:00,356.446,3,evaluation,38.9,67.7,59.2
2026-10-10T17:00:44.382254+00:00,361.452,3,evaluation,38.9,68.5,60.0
2026-10-10T17:00:49.390402+00:00,366.461,3,evaluation,38.9,68.5,59.6
2026-10-10T17:00:54.408000+00:00,371.478,3,evaluation,38.9,67.7,59.2
2026-10-10T17:00:59.418663+00:00,376.489,3,evaluation,38.9,67.0,60.3
2026-10-10T17:01:04.434933+00:00,381.505,3,evaluation,39.4,67.0,59.6
2026-10-10T17:01:09.449670+00:00,386.520,3,evaluation,39.4,67.0,59.6
2026-10-10T17:01:14.454536+00:00,391.525,3,evaluation,39.4,68.5,59.6
2026-10-10T17:01:19.463173+00:00,396.533,3,evaluation,39.4,68.1,60.0
2026-10-10T17:01:24.481150+00:00,401.551,3,evaluation,39.4,68.1,59.6
2026-10-10T17:01:29.485822+00:00,406.556,3,evaluation,39.4,68.5,62.3
2026-10-10T17:01:34.494519+00:00,411.565,3,evaluation,39.4,68.5,59.6
2026-10-10T17:01:39.498869+00:00,416.569,3,evaluation,39.4,68.5,60.0
2026-10-10T17:01:44.532224+00:00,421.602,3,evaluation,39.4,68.9,60.0
2026-10-10T17:01:49.535436+00:00,426.606,3,evaluation,39.4,67.7,60.0
2026-10-10T17:01:54.544988+00:00,431.615,3,evaluation,39.4,68.9,60.0
2026-10-10T17:01:59.551566+00:00,436.622,3,evaluation,39.4,68.1,61.1
2026-10-10T17:02:04.562458+00:00,441.633,3,evaluation,39.5,68.5,60.0
2026-10-10T17:02:09.569032+00:00,446.639,3,evaluation,39.5,69.3,60.7
2026-10-10T17:02:14.575694+00:00,451.646,3,evaluation,39.5,69.3,61.5
2026-10-10T17:02:19.579705+00:00,456.650,3,evaluation,39.5,69.7,61.1
2026-10-10T17:02:24.584066+00:00,461.654,3,rest_or_setup,39.5,63.1,58.8
2026-10-10T17:02:29.589722+00:00,466.660,3,rest_or_setup,39.5,56.8,55.7
2026-10-10T17:02:34.594970+00:00,471.665,3,rest_or_setup,39.7,58.4,54.5
2026-10-10T17:02:39.603249+00:00,476.673,3,rest_or_setup,39.7,54.9,53.7
2026-10-10T17:02:44.606921+00:00,481.677,3,rest_or_setup,39.7,57.2,52.9
2026-10-10T17:02:49.613907+00:00,486.684,3,rest_or_setup,39.7,52.2,52.2
2026-10-10T17:02:54.617846+00:00,491.688,3,rest_or_setup,39.7,60.7,54.9
2026-10-10T17:02:59.634437+00:00,496.707,3,rest_or_setup,39.7,66.2,57.2
2026-10-10T17:03:04.646113+00:00,501.716,4,evaluation,39.3,68.1,58.8
2026-10-10T17:03:09.660486+00:00,506.731,4,evaluation,39.3,65.8,59.6
2026-10-10T17:03:14.707909+00:00,511.779,4,evaluation,39.3,67.0,60.0
2026-10-10T17:03:19.751866+00:00,516.822,4,evaluation,39.3,66.2,60.0
2026-10-10T17:03:24.763101+00:00,521.833,4,evaluation,39.3,66.6,60.7
2026-10-10T17:03:29.776413+00:00,526.847,4,evaluation,39.3,66.6,61.1
2026-10-10T17:03:34.794263+00:00,531.864,4,evaluation,39.7,68.1,60.7
2026-10-10T17:03:39.808450+00:00,536.879,4,evaluation,39.7,67.4,60.7
2026-10-10T17:03:44.823229+00:00,541.893,4,evaluation,39.7,67.0,60.7
2026-10-10T17:03:49.836530+00:00,546.907,4,evaluation,39.7,66.6,60.3
2026-10-10T17:03:54.847213+00:00,551.917,4,evaluation,39.7,67.4,60.7
2026-10-10T17:03:59.882619+00:00,556.954,4,evaluation,39.7,67.4,61.5
2026-10-10T17:04:04.898180+00:00,561.968,4,evaluation,39.9,67.7,61.1
2026-10-10T17:04:09.906679+00:00,566.978,4,evaluation,39.9,68.9,60.7
2026-10-10T17:04:14.931679+00:00,572.002,4,evaluation,39.9,68.1,60.7
2026-10-10T17:04:19.941395+00:00,577.012,4,evaluation,39.9,68.9,63.9
2026-10-10T17:04:24.970020+00:00,582.040,4,evaluation,39.9,68.5,61.5
2026-10-10T17:04:30.004693+00:00,587.075,4,evaluation,39.9,69.3,61.5
2026-10-10T17:04:35.024233+00:00,592.094,4,evaluation,40.2,68.9,61.1
2026-10-10T17:04:40.040112+00:00,597.110,4,evaluation,40.2,70.1,61.9
2026-10-10T17:04:45.056902+00:00,602.128,4,evaluation,40.2,68.1,61.5
2026-10-10T17:04:50.071259+00:00,607.141,4,evaluation,40.2,66.6,61.1
2026-10-10T17:04:55.104464+00:00,612.175,4,evaluation,40.2,68.9,61.9
2026-10-10T17:05:00.116505+00:00,617.187,4,evaluation,40.2,68.5,61.9
2026-10-10T17:05:05.132535+00:00,622.203,4,evaluation,40.5,68.1,62.3
2026-10-10T17:05:10.143926+00:00,627.214,4,evaluation,40.5,69.3,61.9
2026-10-10T17:05:15.171781+00:00,632.242,4,evaluation,40.5,68.9,61.5
2026-10-10T17:05:20.188326+00:00,637.258,4,evaluation,40.5,70.1,61.9
2026-10-10T17:05:25.226910+00:00,642.297,4,evaluation,40.5,70.9,62.3
2026-10-10T17:05:30.255446+00:00,647.327,4,evaluation,40.5,69.7,62.7
2026-10-10T17:05:35.271364+00:00,652.341,4,evaluation,40.7,68.9,61.9
2026-10-10T17:05:40.282174+00:00,657.352,4,evaluation,40.7,70.5,62.3
2026-10-10T17:05:45.289020+00:00,662.359,4,evaluation,40.7,70.9,62.7
2026-10-10T17:05:50.314468+00:00,667.385,4,evaluation,40.7,70.1,63.1
2026-10-10T17:05:55.341716+00:00,672.412,4,evaluation,40.7,69.7,62.3
2026-10-10T17:06:00.367789+00:00,677.438,4,evaluation,40.7,70.5,62.7
2026-10-10T17:06:05.396349+00:00,682.467,4,evaluation,41.0,70.1,63.1
2026-10-10T17:06:10.424374+00:00,687.494,4,evaluation,41.0,70.9,63.5
2026-10-10T17:06:15.431112+00:00,692.501,4,evaluation,41.0,71.3,63.1
2026-10-10T17:06:20.444041+00:00,697.514,4,evaluation,41.0,70.1,63.1
2026-10-10T17:06:25.494468+00:00,702.565,4,evaluation,41.0,71.3,63.1
2026-10-10T17:06:30.501406+00:00,707.572,4,evaluation,41.0,69.7,63.5
2026-10-10T17:06:35.514682+00:00,712.585,4,evaluation,41.3,70.5,62.7
2026-10-10T17:06:40.533359+00:00,717.603,4,evaluation,41.3,70.9,63.1
2026-10-10T17:06:45.556334+00:00,722.626,4,evaluation,41.3,70.9,63.5
2026-10-10T17:06:50.592011+00:00,727.662,4,evaluation,41.3,70.5,63.5
2026-10-10T17:06:55.601294+00:00,732.671,4,evaluation,41.3,70.5,63.1
2026-10-10T17:07:00.616740+00:00,737.687,4,evaluation,41.3,70.1,63.5
2026-10-10T17:07:05.650462+00:00,742.721,4,evaluation,41.6,70.9,63.5
2026-10-10T17:07:10.673505+00:00,747.744,4,evaluation,41.6,71.3,63.1
2026-10-10T17:07:15.694776+00:00,752.765,4,evaluation,41.6,71.6,63.5
2026-10-10T17:07:20.710248+00:00,757.780,4,evaluation,41.6,71.6,64.6
2026-10-10T17:07:25.741166+00:00,762.811,4,evaluation,41.6,71.3,64.6
2026-10-10T17:07:30.746606+00:00,767.817,4,evaluation,41.6,71.6,65.4
2026-10-10T17:07:35.765227+00:00,772.835,4,evaluation,41.8,72.0,64.2
2026-10-10T17:07:40.780559+00:00,777.851,4,evaluation,41.8,72.4,63.9
2026-10-10T17:07:45.795075+00:00,782.865,4,evaluation,41.8,70.9,63.5
2026-10-10T17:07:50.814144+00:00,787.884,4,evaluation,41.8,71.6,63.5
2026-10-10T17:07:55.830758+00:00,792.901,4,evaluation,41.8,70.9,63.9
2026-10-10T17:08:00.840223+00:00,797.911,4,evaluation,41.8,72.0,64.2
2026-10-10T17:08:05.872236+00:00,802.942,4,evaluation,42.0,71.3,64.2
2026-10-10T17:08:10.893480+00:00,807.964,4,evaluation,42.0,70.5,64.2
2026-10-10T17:08:15.909986+00:00,812.990,4,evaluation,42.0,70.9,63.9
2026-10-10T17:08:20.936061+00:00,818.006,4,evaluation,42.0,72.0,64.2
2026-10-10T17:08:25.961903+00:00,823.032,4,evaluation,42.0,72.0,63.9
2026-10-10T17:08:30.984398+00:00,828.055,4,evaluation,42.0,70.1,64.2
2026-10-10T17:08:35.989389+00:00,833.060,4,rest_or_setup,42.2,66.6,61.9
