pass,slots,threads,decode_tok_s,decode_s,prefill_s,evaluation_s,decode_storage_bytes,cache_allocated_bytes,available_end_kib
1,32,6,0.518623,121.475624,6.575287,128.050911,34780856320,1168375808,4493276
2,64,6,0.597935,105.362687,10.794966,116.157653,23304712192,2336751616,3713696
3,96,6,0.60209,104.635571,10.63459,115.270162,17621413888,3505127424,2916604
4,128,6,0.835118,75.43844,19.016703,94.455143,14539866112,4673503232,2126008
5,96,4,0.780894,80.676759,12.626199,93.302958,16909389824,3505127424,2795028
6,96,8,0.40496,155.571101,20.91983,176.490931,17571196928,3505127424,2691628
7,64,4,0.984233,64.009256,7.950434,71.95969,21077004288,2336751616,3819332
8,64,8,0.384991,163.640179,12.025172,175.665351,22024851456,2336751616,3784868
9,32,6,0.533573,118.07189,6.724862,124.796753,31953125376,1168375808,5025992
