utc,monotonic_s,pass_number,slots,stage,battery_c,cpu_max_c,htp_max_c
2026-10-10T18:50:54.492647+00:00,399714.493562413,,,model_load,24.2,45.1,31.9
2026-10-10T18:50:56.496859+00:00,399716.496993141,,,model_load,24.2,52.2,36.2
2026-10-10T18:50:58.509340+00:00,399718.504633453,,,model_load,24.2,59.2,39.7
2026-10-10T18:51:00.514985+00:00,399720.513869338,,,model_load,24.2,64.2,42.4
2026-10-10T18:51:02.526796+00:00,399722.520781681,,,model_load,24.2,63.5,44.4
2026-10-10T18:51:04.531810+00:00,399724.531703242,,,model_load,24.2,63.1,44.4
2026-10-10T18:51:06.534957+00:00,399726.534772096,,,model_load,24.2,74.0,44.0
2026-10-10T18:51:08.545850+00:00,399728.545806105,,,model_load,24.5,69.7,44.4
2026-10-10T18:51:10.552283+00:00,399730.549548969,1,0,admission,24.5,64.2,45.5
2026-10-10T18:51:12.557780+00:00,399732.557061781,1,0,admission,24.5,59.2,45.1
2026-10-10T18:51:14.561930+00:00,399734.561459541,1,0,admission,24.5,48.7,42.0
2026-10-10T18:51:16.566125+00:00,399736.565755842,1,0,admission,24.5,46.3,40.5
2026-10-10T18:51:18.570438+00:00,399738.570058029,1,0,admission,24.5,49.0,39.7
2026-10-10T18:51:20.576439+00:00,399740.573956049,1,0,admission,24.5,45.1,38.9
2026-10-10T18:51:22.583981+00:00,399742.581393392,1,0,admission,24.5,40.9,38.5
2026-10-10T18:51:24.589680+00:00,399744.589451047,1,0,admission,24.5,45.5,38.1
2026-10-10T18:51:26.595500+00:00,399746.593257661,1,0,admission,24.5,41.6,38.5
2026-10-10T18:51:28.600197+00:00,399748.599930525,1,0,admission,24.5,42.4,37.7
2026-10-10T18:51:30.606721+00:00,399750.60380068,1,0,admission,24.5,39.3,37.4
2026-10-10T18:51:32.613365+00:00,399752.611656461,1,0,admission,24.5,40.9,37.7
2026-10-10T18:51:34.619958+00:00,399754.617084585,1,0,admission,24.5,38.9,37.0
2026-10-10T18:51:36.627234+00:00,399756.626115782,1,0,admission,24.5,37.7,36.6
2026-10-10T18:51:38.632033+00:00,399758.631286042,1,0,admission,25.4,39.3,36.6
2026-10-10T18:51:40.636948+00:00,399760.636072551,1,0,admission,25.4,40.5,36.2
2026-10-10T18:51:42.643246+00:00,399762.641470363,1,0,admission,25.4,39.3,36.2
2026-10-10T18:51:44.648402+00:00,399764.647598227,1,0,admission,25.4,41.3,36.2
2026-10-10T18:51:46.654632+00:00,399766.65423432,1,0,admission,25.4,45.1,35.8
2026-10-10T18:51:48.659056+00:00,399768.658404528,1,0,admission,25.4,40.5,35.8
2026-10-10T18:51:50.663596+00:00,399770.662845621,1,0,admission,25.4,38.1,35.8
2026-10-10T18:51:52.668272+00:00,399772.667964995,1,0,admission,25.4,42.8,35.8
2026-10-10T18:51:54.673296+00:00,399774.672330984,1,0,admission,25.4,38.5,35.8
2026-10-10T18:51:56.678331+00:00,399776.677265827,1,0,admission,25.4,37.4,35.8
2026-10-10T18:51:58.682363+00:00,399778.682274159,1,0,admission,25.4,39.3,35.8
2026-10-10T18:52:00.685929+00:00,399780.685760877,1,0,admission,25.4,42.4,35.8
2026-10-10T18:52:02.691082+00:00,399782.690150199,1,0,admission,25.4,37.4,35.4
2026-10-10T18:52:04.696369+00:00,399784.695032074,1,0,admission,25.4,37.7,35.4
2026-10-10T18:52:06.701804+00:00,399786.700481708,1,0,admission,25.4,37.7,35.4
2026-10-10T18:52:08.709551+00:00,399788.706635926,1,0,admission,25.5,37.0,35.8
2026-10-10T18:52:10.714654+00:00,399790.71441655,1,0,admission,25.5,42.0,35.4
2026-10-10T18:52:12.721907+00:00,399792.718112123,1,0,admission,25.5,37.7,35.0
2026-10-10T18:52:14.727867+00:00,399794.727523372,1,0,admission,25.5,42.4,35.4
2026-10-10T18:52:16.732932+00:00,399796.731570246,1,0,admission,25.5,37.7,35.4
2026-10-10T18:52:18.737911+00:00,399798.736942329,1,0,admission,25.5,36.6,35.0
2026-10-10T18:52:20.742478+00:00,399800.742127692,1,0,admission,25.5,40.9,35.4
2026-10-10T18:52:22.746449+00:00,399802.746069827,1,0,admission,25.5,38.1,35.4
2026-10-10T18:52:24.750138+00:00,399804.750270399,1,0,admission,25.5,45.5,35.4
2026-10-10T18:52:26.756756+00:00,399806.753758732,1,0,admission,25.5,36.6,34.6
2026-10-10T18:52:28.762092+00:00,399808.761260502,1,0,admission,25.5,37.7,35.4
2026-10-10T18:52:30.766654+00:00,399810.766041647,1,0,admission,25.5,39.3,35.4
2026-10-10T18:52:32.771638+00:00,399812.770478157,1,0,admission,25.5,37.7,35.4
2026-10-10T18:52:34.776854+00:00,399814.775737791,1,0,admission,25.5,37.7,35.0
2026-10-10T18:52:36.781964+00:00,399816.78189753,1,0,admission,25.5,41.6,35.4
2026-10-10T18:52:38.788185+00:00,399818.78552555,1,0,admission,25.5,37.4,35.4
2026-10-10T18:52:40.792174+00:00,399820.792072268,1,0,admission,25.5,44.0,35.0
2026-10-10T18:52:42.798494+00:00,399822.795706382,1,0,admission,25.5,37.4,34.6
2026-10-10T18:52:44.803769+00:00,399824.803002214,1,0,admission,25.5,37.0,34.6
2026-10-10T18:52:46.810522+00:00,399826.809405599,1,0,admission,25.5,37.7,35.0
2026-10-10T18:52:48.816116+00:00,399828.81593815,1,0,admission,25.5,44.8,34.6
2026-10-10T18:52:50.820674+00:00,399830.81988466,1,0,admission,25.5,38.1,35.4
2026-10-10T18:52:52.825564+00:00,399832.824301743,1,0,admission,25.5,36.6,35.0
2026-10-10T18:52:54.830378+00:00,399834.829738461,1,0,admission,25.5,37.4,35.0
2026-10-10T18:52:56.834139+00:00,399836.834043668,1,0,admission,25.5,42.0,34.6
2026-10-10T18:52:58.838683+00:00,399838.838002782,1,0,admission,25.5,37.4,34.6
2026-10-10T18:53:00.842117+00:00,399840.842253094,1,0,admission,25.5,44.0,34.6
2026-10-10T18:53:02.845945+00:00,399842.845830906,1,0,admission,25.5,44.4,35.4
2026-10-10T18:53:04.857383+00:00,399844.849741842,1,0,admission,25.5,54.1,37.7
2026-10-10T18:53:06.862674+00:00,399846.861549289,1,0,admission,25.5,43.2,37.4
2026-10-10T18:53:08.866989+00:00,399848.866571632,1,0,admission,25.6,47.5,36.6
2026-10-10T18:53:10.871149+00:00,399850.870539027,1,0,admission,25.6,43.2,37.0
2026-10-10T18:53:12.874933+00:00,399852.874980798,1,0,admission,25.6,45.5,36.2
2026-10-10T18:53:14.879477+00:00,399854.879064963,1,0,admission,25.6,45.5,35.8
2026-10-10T18:53:16.884802+00:00,399856.883641056,1,0,admission,25.6,37.4,35.4
2026-10-10T18:53:18.889512+00:00,399858.888685691,1,0,admission,25.6,39.3,35.8
2026-10-10T18:53:20.894849+00:00,399860.893398555,1,0,admission,25.6,37.7,35.0
2026-10-10T18:53:22.899943+00:00,399862.899265325,1,0,admission,25.6,39.7,35.0
2026-10-10T18:53:24.906054+00:00,399864.903701783,1,0,admission,25.6,36.6,35.0
2026-10-10T18:53:26.909998+00:00,399866.909972667,1,0,admission,25.6,42.8,35.0
2026-10-10T18:53:28.914202+00:00,399868.913394958,1,0,admission,25.6,37.4,35.4
2026-10-10T18:53:30.918809+00:00,399870.918392041,1,0,admission,25.6,39.7,35.0
2026-10-10T18:53:32.925976+00:00,399872.923293811,1,0,admission,25.6,36.2,35.0
2026-10-10T18:53:34.931539+00:00,399874.930198758,1,0,admission,25.6,37.4,35.0
2026-10-10T18:53:36.935919+00:00,399876.935349643,1,0,admission,25.6,37.7,35.0
2026-10-10T18:53:38.939770+00:00,399878.939734694,1,0,admission,25.7,42.8,35.0
2026-10-10T18:53:40.943844+00:00,399880.943287037,1,0,admission,25.7,38.1,35.0
2026-10-10T18:53:42.949080+00:00,399882.947650838,1,0,admission,25.7,35.8,34.6
2026-10-10T18:53:44.954840+00:00,399884.953599275,1,0,admission,25.7,38.5,35.0
2026-10-10T18:53:46.961062+00:00,399886.958739899,1,0,admission,25.7,36.2,35.0
2026-10-10T18:53:48.967019+00:00,399888.965987502,1,0,admission,25.7,37.4,34.6
2026-10-10T18:53:50.971784+00:00,399890.9708687,1,0,admission,25.7,37.0,34.6
2026-10-10T18:53:52.975639+00:00,399892.975402709,1,0,admission,25.7,42.8,34.6
2026-10-10T18:53:54.979613+00:00,399894.979040469,1,0,admission,25.7,37.0,34.6
2026-10-10T18:53:56.984111+00:00,399896.983427083,1,0,admission,25.7,37.7,34.6
2026-10-10T18:53:58.989872+00:00,399898.987892811,1,0,admission,25.7,35.8,34.6
2026-10-10T18:54:00.994829+00:00,399900.994177133,1,0,admission,25.7,38.9,34.6
2026-10-10T18:54:02.999253+00:00,399902.998786716,1,0,admission,25.7,37.7,34.6
2026-10-10T18:54:05.002939+00:00,399905.002671611,1,0,admission,25.7,39.3,34.6
2026-10-10T18:54:07.007469+00:00,399907.006998069,1,0,admission,25.7,38.1,34.6
2026-10-10T18:54:09.012182+00:00,399909.011256557,1,0,admission,25.7,36.6,34.6
2026-10-10T18:54:11.019847+00:00,399911.017379317,1,0,admission,25.7,35.4,34.6
2026-10-10T18:54:13.025117+00:00,399913.024231556,1,0,admission,25.7,36.6,34.6
2026-10-10T18:54:15.030516+00:00,399915.030421607,1,0,admission,25.7,45.5,34.2
2026-10-10T18:54:17.034805+00:00,399917.033982023,1,0,admission,25.7,37.4,34.6
2026-10-10T18:54:19.039402+00:00,399919.03883796,1,0,admission,25.7,40.1,34.2
2026-10-10T18:54:21.044254+00:00,399921.043292282,1,0,admission,25.7,37.0,34.6
2026-10-10T18:54:23.049399+00:00,399923.048724573,1,0,admission,25.7,36.6,35.0
2026-10-10T18:54:25.054548+00:00,399925.053991655,1,0,admission,25.7,36.2,34.6
2026-10-10T18:54:27.058671+00:00,399927.058718009,1,0,admission,25.7,44.4,34.2
2026-10-10T18:54:29.063141+00:00,399929.062145664,1,0,admission,25.7,38.1,35.0
2026-10-10T18:54:31.067388+00:00,399931.066923632,1,0,admission,25.7,39.7,35.0
2026-10-10T18:54:33.074733+00:00,399933.071220454,1,0,admission,25.7,35.8,34.6
2026-10-10T18:54:35.080214+00:00,399935.079618683,1,0,admission,25.7,38.9,34.6
2026-10-10T18:54:37.085784+00:00,399937.084976286,1,0,admission,25.7,37.7,34.6
2026-10-10T18:54:39.089820+00:00,399939.089596338,1,0,admission,25.7,42.4,34.6
2026-10-10T18:54:41.093535+00:00,399941.093370868,1,0,admission,25.7,42.8,34.2
2026-10-10T18:54:43.097821+00:00,399943.097101649,1,0,admission,25.7,37.4,34.6
2026-10-10T18:54:45.102967+00:00,399945.101621544,1,0,admission,25.7,36.2,34.6
2026-10-10T18:54:47.107740+00:00,399947.107281907,1,0,admission,25.7,37.0,34.6
2026-10-10T18:54:49.112017+00:00,399949.111479302,1,0,admission,25.7,38.5,34.2
2026-10-10T18:54:51.117620+00:00,399951.117081125,1,0,admission,25.7,38.5,34.2
2026-10-10T18:54:53.124647+00:00,399953.121419978,1,0,admission,25.7,35.8,34.2
2026-10-10T18:54:55.132688+00:00,399955.129769665,1,0,admission,25.7,35.8,34.2
2026-10-10T18:54:57.137416+00:00,399957.136794404,1,0,admission,25.7,37.7,34.6
2026-10-10T18:54:59.144474+00:00,399959.141459924,1,0,admission,25.7,35.0,34.2
2026-10-10T18:55:01.149757+00:00,399961.148981225,1,0,admission,25.7,36.2,34.2
2026-10-10T18:55:03.156421+00:00,399963.153825755,1,0,admission,25.7,35.4,35.0
2026-10-10T18:55:05.160764+00:00,399965.160704973,1,0,admission,25.7,40.5,34.6
2026-10-10T18:55:07.167131+00:00,399967.16560815,1,0,admission,25.7,37.4,35.0
2026-10-10T18:55:09.171837+00:00,399969.17120018,1,0,admission,25.7,38.9,34.6
2026-10-10T18:55:11.176151+00:00,399971.175543877,1,0,admission,25.7,36.2,34.2
2026-10-10T18:55:13.181786+00:00,399973.180820387,1,0,admission,25.7,36.6,34.6
2026-10-10T18:55:15.207058+00:00,399975.199866011,1,0,evaluation,25.7,59.6,40.1
2026-10-10T18:55:17.213667+00:00,399977.213122052,1,0,evaluation,25.7,66.2,42.4
2026-10-10T18:55:19.228900+00:00,399979.218703926,1,0,evaluation,25.7,68.9,45.5
2026-10-10T18:55:21.236954+00:00,399981.237006374,1,0,evaluation,25.7,76.7,47.1
2026-10-10T18:55:23.249366+00:00,399983.241153352,1,0,evaluation,25.7,74.4,49.4
2026-10-10T18:55:25.263777+00:00,399985.263116476,1,0,evaluation,25.7,73.6,49.4
2026-10-10T18:55:27.270711+00:00,399987.270802257,1,0,evaluation,25.7,73.6,50.6
2026-10-10T18:55:29.277842+00:00,399989.277044131,1,0,evaluation,25.7,72.8,51.8
2026-10-10T18:55:31.288875+00:00,399991.287959651,1,0,evaluation,25.7,69.7,52.2
2026-10-10T18:55:33.313850+00:00,399993.296154546,1,0,evaluation,25.7,74.8,52.9
2026-10-10T18:55:35.322697+00:00,399995.31951616,1,0,evaluation,25.7,74.0,52.2
2026-10-10T18:55:37.331395+00:00,399997.327271576,1,0,evaluation,25.7,76.3,52.2
2026-10-10T18:55:39.337339+00:00,399999.335542096,1,0,evaluation,26.6,74.0,52.9
2026-10-10T18:55:41.345430+00:00,400001.341752668,1,0,evaluation,26.6,71.6,52.9
2026-10-10T18:55:43.352636+00:00,400003.350546573,1,0,evaluation,26.6,70.9,53.3
2026-10-10T18:55:45.371585+00:00,400005.36753501,1,0,evaluation,26.6,72.4,53.3
2026-10-10T18:55:47.397077+00:00,400007.377588968,1,0,evaluation,26.6,72.0,53.3
2026-10-10T18:55:49.405033+00:00,400009.402703967,1,0,evaluation,26.6,72.0,53.3
2026-10-10T18:55:51.417364+00:00,400011.413295945,1,0,evaluation,26.6,67.4,52.9
2026-10-10T18:55:53.433801+00:00,400013.432739486,1,0,evaluation,26.6,65.8,52.6
2026-10-10T18:55:55.448979+00:00,400015.441320996,1,0,evaluation,26.6,64.2,53.3
2026-10-10T18:55:57.458826+00:00,400017.457502662,1,0,evaluation,26.6,64.2,53.3
2026-10-10T18:55:59.465913+00:00,400019.465709588,1,0,evaluation,26.6,69.7,52.9
2026-10-10T18:56:01.475404+00:00,400021.474940942,1,0,evaluation,26.6,65.8,52.6
2026-10-10T18:56:03.489435+00:00,400023.481570993,1,0,evaluation,26.6,67.0,56.4
2026-10-10T18:56:05.537023+00:00,400025.510822555,1,0,evaluation,26.6,64.6,52.6
2026-10-10T18:56:07.543833+00:00,400027.54349271,1,0,evaluation,26.6,66.6,52.9
2026-10-10T18:56:09.556091+00:00,400029.550343751,1,0,evaluation,28.0,66.6,53.3
2026-10-10T18:56:11.601850+00:00,400031.567057292,1,0,evaluation,28.0,65.4,53.3
2026-10-10T18:56:13.619534+00:00,400033.618847499,1,0,evaluation,28.0,66.6,52.9
2026-10-10T18:56:15.623908+00:00,400035.623571509,1,0,evaluation,28.0,65.0,52.9
2026-10-10T18:56:17.632437+00:00,400037.630698383,1,0,evaluation,28.0,65.8,52.9
2026-10-10T18:56:19.662111+00:00,400039.655568487,1,0,evaluation,28.0,67.0,53.3
2026-10-10T18:56:21.680868+00:00,400041.671418225,1,0,evaluation,28.0,66.2,54.1
2026-10-10T18:56:23.692100+00:00,400043.690978693,1,0,evaluation,28.0,66.2,54.1
2026-10-10T18:56:25.703771+00:00,400045.698439526,1,0,evaluation,28.0,65.8,53.7
2026-10-10T18:56:27.717237+00:00,400047.711298952,1,0,evaluation,28.0,67.0,54.5
2026-10-10T18:56:29.729446+00:00,400049.725110462,1,0,evaluation,28.0,67.7,54.1
2026-10-10T18:56:31.744584+00:00,400051.744098274,1,0,evaluation,28.0,67.7,54.5
2026-10-10T18:56:33.753148+00:00,400053.75002046,1,0,evaluation,28.0,65.8,54.1
2026-10-10T18:56:35.760626+00:00,400055.759139418,1,0,evaluation,28.0,68.1,54.1
2026-10-10T18:56:37.772392+00:00,400057.771981813,1,0,evaluation,28.0,69.3,55.7
2026-10-10T18:56:39.780531+00:00,400059.777754156,1,0,evaluation,28.9,68.5,54.9
2026-10-10T18:56:41.792460+00:00,400061.792623114,1,0,evaluation,28.9,67.4,55.3
2026-10-10T18:56:43.806994+00:00,400063.799438686,1,0,evaluation,28.9,69.7,55.3
2026-10-10T18:56:45.850925+00:00,400065.832693893,1,0,evaluation,28.9,68.5,55.3
2026-10-10T18:56:47.863804+00:00,400067.855602955,1,0,evaluation,28.9,68.9,54.9
2026-10-10T18:56:49.884565+00:00,400069.879219829,1,0,evaluation,28.9,66.2,55.7
2026-10-10T18:56:51.889603+00:00,400071.889363787,1,0,evaluation,28.9,68.5,56.4
2026-10-10T18:56:53.907776+00:00,400073.907402172,1,0,evaluation,28.9,69.7,55.3
2026-10-10T18:56:55.915175+00:00,400075.914463212,1,0,evaluation,28.9,67.0,55.7
2026-10-10T18:56:57.953797+00:00,400077.928171597,1,0,evaluation,28.9,67.4,55.7
2026-10-10T18:56:59.957674+00:00,400079.957363367,1,0,evaluation,28.9,72.8,57.2
2026-10-10T18:57:01.966335+00:00,400081.963278054,1,0,evaluation,28.9,68.5,56.8
2026-10-10T18:57:04.016877+00:00,400084.009301178,1,0,evaluation,28.9,69.7,56.8
2026-10-10T18:57:06.029689+00:00,400086.028199771,1,0,evaluation,28.9,73.2,57.2
2026-10-10T18:57:08.049857+00:00,400088.048529666,1,0,evaluation,28.9,70.5,56.8
2026-10-10T18:57:10.057332+00:00,400090.055487374,1,0,evaluation,29.7,68.9,57.2
2026-10-10T18:57:12.073160+00:00,400092.064166696,1,0,evaluation,29.7,68.5,57.2
2026-10-10T18:57:14.097481+00:00,400094.087960862,1,0,evaluation,29.7,67.7,56.4
2026-10-10T18:57:16.104294+00:00,400096.104256278,1,0,evaluation,29.7,67.4,58.8
2026-10-10T18:57:18.112624+00:00,400098.112122371,1,0,evaluation,29.7,69.3,56.1
2026-10-10T18:57:20.125917+00:00,400100.124642214,1,0,evaluation,29.7,68.5,55.7
2026-10-10T18:57:22.139420+00:00,400102.131292317,1,0,evaluation,29.7,67.4,56.1
2026-10-10T18:57:24.146721+00:00,400104.145281066,1,0,evaluation,29.7,65.4,55.3
2026-10-10T18:57:26.153369+00:00,400106.152617159,1,0,evaluation,29.7,68.5,55.7
2026-10-10T18:57:28.162139+00:00,400108.159646169,1,0,evaluation,29.7,68.9,55.7
2026-10-10T18:57:30.170113+00:00,400110.167789241,1,0,evaluation,29.7,68.5,57.6
2026-10-10T18:57:32.192058+00:00,400112.180887001,1,0,evaluation,29.7,72.4,56.8
2026-10-10T18:57:34.203193+00:00,400114.202418927,1,0,evaluation,29.7,65.4,56.4
2026-10-10T18:57:36.211435+00:00,400116.210817103,1,0,evaluation,29.7,67.4,55.7
2026-10-10T18:57:38.226203+00:00,400118.222473717,1,0,evaluation,29.7,64.6,56.1
2026-10-10T18:57:40.257192+00:00,400120.256452102,1,0,evaluation,30.4,67.7,56.1
2026-10-10T18:57:42.286590+00:00,400122.27439408,1,0,evaluation,30.4,67.7,56.8
2026-10-10T18:57:44.315358+00:00,400124.308796788,1,0,evaluation,30.4,67.4,56.4
2026-10-10T18:57:46.330753+00:00,400126.329706214,1,0,evaluation,30.4,68.1,56.8
2026-10-10T18:57:48.347044+00:00,400128.346280745,1,0,evaluation,30.4,68.9,57.2
2026-10-10T18:57:50.365881+00:00,400130.358599129,1,0,evaluation,30.4,68.1,57.2
2026-10-10T18:57:52.393496+00:00,400132.389216003,1,0,evaluation,30.4,68.9,57.2
2026-10-10T18:57:54.401826+00:00,400134.398585898,1,0,evaluation,30.4,68.5,56.8
2026-10-10T18:57:56.424512+00:00,400136.408052408,1,0,evaluation,30.4,69.7,56.8
2026-10-10T18:57:58.436145+00:00,400138.435994543,1,0,evaluation,30.4,67.0,57.2
2026-10-10T18:58:00.442129+00:00,400140.441125584,1,0,evaluation,30.4,67.7,57.2
2026-10-10T18:58:02.459020+00:00,400142.452423708,1,0,evaluation,30.4,67.0,56.8
2026-10-10T18:58:04.465691+00:00,400144.464169072,1,0,evaluation,30.4,66.6,56.8
2026-10-10T18:58:06.487478+00:00,400146.486143133,1,0,evaluation,30.4,69.3,57.2
2026-10-10T18:58:08.502608+00:00,400148.496787976,1,0,evaluation,30.4,68.9,57.6
2026-10-10T18:58:10.516677+00:00,400150.515907663,1,0,evaluation,31.1,68.1,57.2
2026-10-10T18:58:12.522271+00:00,400152.521643444,1,0,evaluation,31.1,69.7,57.2
2026-10-10T18:58:14.528433+00:00,400154.527457245,1,0,evaluation,31.1,68.9,56.8
2026-10-10T18:58:16.556427+00:00,400156.534768025,1,0,evaluation,31.1,68.5,57.2
2026-10-10T18:58:18.568422+00:00,400158.560074743,1,0,evaluation,31.1,68.9,56.8
2026-10-10T18:58:20.573317+00:00,400160.573033701,1,0,evaluation,31.1,68.5,57.6
2026-10-10T18:58:22.582015+00:00,400162.577807242,1,0,evaluation,31.1,68.1,57.2
2026-10-10T18:58:24.619439+00:00,400164.617966929,1,0,evaluation,31.1,67.4,57.6
2026-10-10T18:58:26.627711+00:00,400166.626268594,1,0,evaluation,31.1,68.5,57.6
2026-10-10T18:58:28.644399+00:00,400168.633217552,1,0,evaluation,31.1,68.5,57.6
2026-10-10T18:58:30.651526+00:00,400170.651023437,1,0,evaluation,31.1,68.9,57.6
2026-10-10T18:58:32.658037+00:00,400172.657614373,1,0,evaluation,31.1,70.9,57.6
2026-10-10T18:58:34.674208+00:00,400174.670736248,1,0,evaluation,31.1,68.1,58.0
2026-10-10T18:58:36.695020+00:00,400176.68860333,1,0,evaluation,31.1,68.9,57.6
2026-10-10T18:58:38.713237+00:00,400178.713376611,1,0,evaluation,31.1,70.1,57.6
2026-10-10T18:58:40.737695+00:00,400180.73573036,1,0,evaluation,31.7,69.3,58.0
2026-10-10T18:58:42.747553+00:00,400182.746810255,1,0,evaluation,31.7,69.7,57.6
2026-10-10T18:58:44.762597+00:00,400184.753750723,1,0,evaluation,31.7,69.7,57.6
2026-10-10T18:58:46.777438+00:00,400186.767852493,1,0,evaluation,31.7,73.2,58.0
2026-10-10T18:58:48.785544+00:00,400188.785508794,1,0,evaluation,31.7,69.7,58.4
2026-10-10T18:58:50.792481+00:00,400190.79139671,1,0,evaluation,31.7,68.9,58.0
2026-10-10T18:58:52.805585+00:00,400192.804666241,1,0,evaluation,31.7,68.5,58.0
2026-10-10T18:58:54.821984+00:00,400194.817757594,1,0,evaluation,31.7,68.9,58.4
2026-10-10T18:58:56.880276+00:00,400196.864997645,1,0,evaluation,31.7,67.4,57.6
2026-10-10T18:58:58.898154+00:00,400198.897359832,1,0,evaluation,31.7,67.7,58.0
2026-10-10T18:59:00.930684+00:00,400200.916890873,1,0,evaluation,31.7,68.1,58.0
2026-10-10T18:59:02.940792+00:00,400202.939025924,1,0,evaluation,31.7,67.7,57.6
2026-10-10T18:59:04.963514+00:00,400204.962968372,1,0,evaluation,31.7,66.6,58.0
2026-10-10T18:59:06.982414+00:00,400206.972298944,1,0,evaluation,31.7,68.1,57.6
2026-10-10T18:59:08.989786+00:00,400208.988156495,1,0,evaluation,31.7,67.7,57.6
2026-10-10T18:59:11.000379+00:00,400210.997356911,1,0,evaluation,32.3,66.2,58.0
2026-10-10T18:59:13.043109+00:00,400213.040524827,1,0,evaluation,32.3,64.6,57.2
2026-10-10T18:59:15.059802+00:00,400215.057758784,1,0,evaluation,32.3,65.4,57.2
2026-10-10T18:59:17.066825+00:00,400217.065774617,1,0,evaluation,32.3,68.1,57.6
2026-10-10T18:59:19.077942+00:00,400219.075998731,1,0,evaluation,32.3,67.4,58.0
2026-10-10T18:59:21.094776+00:00,400221.093875657,1,0,evaluation,32.3,66.6,58.0
2026-10-10T18:59:23.115413+00:00,400223.108060292,1,0,evaluation,32.3,67.7,57.6
2026-10-10T18:59:25.124997+00:00,400225.123265968,1,0,evaluation,32.3,66.6,57.6
2026-10-10T18:59:27.159176+00:00,400227.149322269,1,0,evaluation,32.3,67.7,57.2
2026-10-10T18:59:29.186716+00:00,400229.184983831,1,0,evaluation,32.3,67.4,57.2
2026-10-10T18:59:31.252169+00:00,400231.250970809,1,0,evaluation,32.3,67.0,58.0
2026-10-10T18:59:33.292697+00:00,400233.288467423,1,0,evaluation,32.3,67.0,70.1
2026-10-10T18:59:35.323659+00:00,400235.321668933,1,0,evaluation,32.3,65.8,57.6
2026-10-10T18:59:37.344295+00:00,400237.330974349,1,0,evaluation,32.3,67.0,57.2
2026-10-10T18:59:39.383465+00:00,400239.354427994,1,0,evaluation,32.3,66.6,57.2
2026-10-10T18:59:41.393865+00:00,400241.393146274,1,0,evaluation,32.7,66.6,57.2
2026-10-10T18:59:43.402187+00:00,400243.401301274,1,0,evaluation,32.7,67.7,57.6
2026-10-10T18:59:45.409834+00:00,400245.409194294,1,0,evaluation,32.7,65.4,57.6
2026-10-10T18:59:47.433287+00:00,400247.418640855,1,0,evaluation,32.7,66.6,57.6
2026-10-10T18:59:49.477843+00:00,400249.470397886,1,0,evaluation,32.7,66.6,57.2
2026-10-10T18:59:51.519765+00:00,400251.483972416,1,0,evaluation,32.7,66.6,57.2
2026-10-10T18:59:53.530637+00:00,400253.529444186,1,0,rest_or_setup,32.7,60.7,57.2
2026-10-10T18:59:55.536026+00:00,400255.53529304,1,0,rest_or_setup,32.7,62.3,55.3
2026-10-10T18:59:57.540299+00:00,400257.540253091,1,0,rest_or_setup,32.7,60.3,53.7
2026-10-10T18:59:59.561869+00:00,400259.561838194,1,0,rest_or_setup,32.7,61.9,54.5
2026-10-10T19:00:01.566738+00:00,400261.565831058,1,0,rest_or_setup,32.7,61.5,54.9
2026-10-10T19:00:03.572311+00:00,400263.571069703,1,0,rest_or_setup,32.7,58.8,54.1
2026-10-10T19:00:05.579370+00:00,400265.576186265,1,0,rest_or_setup,32.7,53.7,52.6
2026-10-10T19:00:07.585013+00:00,400267.5841109,1,0,rest_or_setup,32.7,53.7,51.4
2026-10-10T19:00:09.589775+00:00,400269.588937409,1,0,rest_or_setup,32.7,53.7,50.2
2026-10-10T19:00:11.596774+00:00,400271.593993502,1,0,rest_or_setup,32.9,51.8,50.6
2026-10-10T19:00:13.601746+00:00,400273.600970481,1,0,rest_or_setup,32.9,52.2,49.8
2026-10-10T19:00:15.607808+00:00,400275.605445011,1,0,rest_or_setup,32.9,51.0,49.4
2026-10-10T19:00:17.612920+00:00,400277.612058083,1,0,rest_or_setup,32.9,51.0,48.7
2026-10-10T19:00:19.619439+00:00,400279.617753812,1,0,rest_or_setup,32.9,50.6,48.3
2026-10-10T19:00:21.624646+00:00,400281.623649592,1,0,rest_or_setup,32.9,52.2,48.3
2026-10-10T19:00:23.637453+00:00,400283.628756102,2,32,admission,32.9,52.9,47.9
2026-10-10T19:00:25.642990+00:00,400285.64285407,2,32,admission,32.9,54.1,47.5
2026-10-10T19:00:27.646769+00:00,400287.64648558,2,32,admission,32.9,56.4,47.1
2026-10-10T19:00:29.651269+00:00,400289.650506985,2,32,admission,32.9,50.6,46.7
2026-10-10T19:00:31.656126+00:00,400291.655501828,2,32,admission,32.9,50.2,46.7
2026-10-10T19:00:33.661015+00:00,400293.660589588,2,32,admission,32.9,51.4,46.7
2026-10-10T19:00:35.665333+00:00,400295.664803702,2,32,admission,32.9,49.0,46.7
2026-10-10T19:00:37.669988+00:00,400297.669487138,2,32,admission,32.9,51.4,45.9
2026-10-10T19:00:39.675799+00:00,400299.673840262,2,32,admission,32.9,49.0,45.9
2026-10-10T19:00:41.684300+00:00,400301.682021772,2,32,admission,32.5,49.4,46.3
2026-10-10T19:00:43.689479+00:00,400303.688443959,2,32,admission,32.5,47.9,46.3
2026-10-10T19:00:45.695025+00:00,400305.693714687,2,32,admission,32.5,49.0,46.3
2026-10-10T19:00:47.700038+00:00,400307.699268957,2,32,admission,32.5,47.9,45.5
2026-10-10T19:00:49.704266+00:00,400309.704068019,2,32,admission,32.5,54.1,45.1
2026-10-10T19:00:51.709279+00:00,400311.70796557,2,32,admission,32.5,48.7,45.5
2026-10-10T19:00:53.713839+00:00,400313.713355882,2,32,admission,32.5,50.6,46.7
2026-10-10T19:00:55.721269+00:00,400315.717859371,2,32,admission,32.5,48.3,45.9
2026-10-10T19:00:57.726828+00:00,400317.726502026,2,32,admission,32.5,49.4,45.9
2026-10-10T19:00:59.734194+00:00,400319.730745932,2,32,admission,32.5,46.7,45.1
2026-10-10T19:01:01.741525+00:00,400321.739598796,2,32,admission,32.5,47.1,45.1
2026-10-10T19:01:03.745983+00:00,400323.745384785,2,32,admission,32.5,49.8,44.8
2026-10-10T19:01:05.750191+00:00,400325.749964315,2,32,admission,32.5,50.6,44.4
2026-10-10T19:01:07.754195+00:00,400327.753961814,2,32,admission,32.5,49.4,44.4
2026-10-10T19:01:09.759033+00:00,400329.758034678,2,32,admission,32.5,45.5,44.0
2026-10-10T19:01:11.764022+00:00,400331.763077125,2,32,admission,32.1,46.7,44.4
2026-10-10T19:01:13.770678+00:00,400333.768549729,2,32,admission,32.1,46.7,44.0
2026-10-10T19:01:15.775874+00:00,400335.775811499,2,32,admission,32.1,52.2,44.0
2026-10-10T19:01:17.779668+00:00,400337.779430092,2,32,admission,32.1,49.0,44.4
2026-10-10T19:01:19.784454+00:00,400339.784121081,2,32,admission,32.1,51.4,43.6
2026-10-10T19:01:21.791045+00:00,400341.789085611,2,32,admission,32.1,45.1,43.6
2026-10-10T19:01:23.796823+00:00,400343.79608936,2,32,admission,32.1,48.3,44.0
2026-10-10T19:01:25.800872+00:00,400345.80070238,2,32,admission,32.1,54.1,43.6
2026-10-10T19:01:27.805444+00:00,400347.80526014,2,32,admission,32.1,47.5,43.6
2026-10-10T19:01:29.809289+00:00,400349.809159618,2,32,admission,32.1,52.6,43.2
2026-10-10T19:01:31.814447+00:00,400351.813345972,2,32,admission,32.1,46.3,42.8
2026-10-10T19:01:33.819755+00:00,400353.818237013,2,32,admission,32.1,44.8,43.2
2026-10-10T19:01:35.826972+00:00,400355.824308001,2,32,admission,32.1,45.1,42.8
2026-10-10T19:01:37.835512+00:00,400357.832771074,2,32,admission,32.1,44.4,42.8
2026-10-10T19:01:39.841148+00:00,400359.840517271,2,32,admission,32.1,45.5,42.8
2026-10-10T19:01:41.846381+00:00,400361.845580135,2,32,admission,31.7,44.4,42.8
2026-10-10T19:01:43.850483+00:00,400363.850115707,2,32,admission,31.7,49.8,42.8
2026-10-10T19:01:45.854652+00:00,400365.854079612,2,32,admission,31.7,45.1,42.4
2026-10-10T19:01:47.859223+00:00,400367.858548934,2,32,admission,31.7,45.5,42.4
2026-10-10T19:01:49.863388+00:00,400369.862978204,2,32,admission,31.7,49.0,42.4
2026-10-10T19:01:51.867865+00:00,400371.867363672,2,32,admission,31.7,46.3,42.0
2026-10-10T19:01:53.872475+00:00,400373.871731849,2,32,admission,31.7,47.1,42.0
2026-10-10T19:01:55.877253+00:00,400375.876529452,2,32,admission,31.7,44.8,42.4
2026-10-10T19:01:57.883346+00:00,400377.880872316,2,32,admission,31.7,46.3,42.0
2026-10-10T19:01:59.889138+00:00,400379.888338617,2,32,admission,31.7,45.9,42.0
2026-10-10T19:02:01.896560+00:00,400381.893217314,2,32,admission,31.7,44.0,42.0
2026-10-10T19:02:03.904760+00:00,400383.902302835,2,32,admission,31.7,43.6,41.6
2026-10-10T19:02:05.912436+00:00,400385.910688615,2,32,admission,31.7,44.8,41.6
2026-10-10T19:02:07.918048+00:00,400387.917549395,2,32,admission,31.7,44.0,41.6
2026-10-10T19:02:09.922698+00:00,400389.92255278,2,32,admission,31.7,50.2,41.6
2026-10-10T19:02:11.927455+00:00,400391.926237415,2,32,admission,31.4,45.1,42.0
2026-10-10T19:02:13.933189+00:00,400393.932298612,2,32,admission,31.4,44.4,42.0
2026-10-10T19:02:15.937857+00:00,400395.937399705,2,32,admission,31.4,46.3,41.3
2026-10-10T19:02:17.944140+00:00,400397.941885746,2,32,admission,31.4,43.6,41.6
2026-10-10T19:02:19.949425+00:00,400399.948970589,2,32,admission,31.4,45.5,41.6
2026-10-10T19:02:21.953579+00:00,400401.953116682,2,32,admission,31.4,45.1,41.3
2026-10-10T19:02:23.957532+00:00,400403.957518452,2,32,admission,31.4,52.6,41.3
2026-10-10T19:02:25.961106+00:00,400405.961034805,2,32,admission,31.4,49.4,41.3
2026-10-10T19:02:27.965944+00:00,400407.96515319,2,32,admission,31.4,43.6,41.6
2026-10-10T19:02:29.970568+00:00,400409.970258085,2,32,admission,31.4,49.0,41.3
2026-10-10T19:02:31.975260+00:00,400411.97434199,2,32,admission,31.4,42.4,40.9
2026-10-10T19:02:33.980488+00:00,400413.979483813,2,32,admission,31.4,44.4,41.3
2026-10-10T19:02:35.987372+00:00,400415.984744906,2,32,admission,31.4,42.8,40.9
2026-10-10T19:02:37.991579+00:00,400417.991525426,2,32,admission,31.4,47.9,40.9
2026-10-10T19:02:39.999142+00:00,400419.995556467,2,32,admission,31.4,42.0,40.9
2026-10-10T19:02:42.004693+00:00,400422.003748497,2,32,admission,31.2,43.2,40.5
2026-10-10T19:02:44.012325+00:00,400424.010250944,2,32,admission,31.2,42.4,40.9
2026-10-10T19:02:46.017916+00:00,400426.016400996,2,32,admission,31.2,43.6,40.9
2026-10-10T19:02:48.022720+00:00,400428.022189484,2,32,admission,31.2,44.4,40.9
2026-10-10T19:02:50.026728+00:00,400430.026534484,2,32,admission,31.2,49.8,40.5
2026-10-10T19:02:52.031421+00:00,400432.030609639,2,32,admission,31.2,43.6,40.5
2026-10-10T19:02:54.036368+00:00,400434.035678336,2,32,admission,31.2,44.0,40.5
2026-10-10T19:02:56.041714+00:00,400436.04073146,2,32,admission,31.2,43.6,40.9
2026-10-10T19:02:58.048685+00:00,400438.04588547,2,32,admission,31.2,42.8,40.5
2026-10-10T19:03:00.053527+00:00,400440.053027917,2,32,admission,31.2,44.4,40.9
2026-10-10T19:03:02.058285+00:00,400442.057564323,2,32,admission,31.2,43.6,40.5
2026-10-10T19:03:04.062587+00:00,400444.062021874,2,32,admission,31.2,46.7,40.5
2026-10-10T19:03:06.066475+00:00,400446.06631755,2,32,admission,31.2,45.1,40.5
2026-10-10T19:03:08.070722+00:00,400448.07014531,2,32,admission,31.2,44.8,40.5
2026-10-10T19:03:10.075908+00:00,400450.074641716,2,32,admission,31.2,42.4,40.5
2026-10-10T19:03:12.081402+00:00,400452.080578798,2,32,admission,30.9,44.4,40.9
2026-10-10T19:03:14.086071+00:00,400454.085473068,2,32,admission,30.9,44.4,40.5
2026-10-10T19:03:16.090442+00:00,400456.090383172,2,32,admission,30.9,49.0,40.1
2026-10-10T19:03:18.095052+00:00,400458.09411739,2,32,admission,30.9,42.8,39.7
2026-10-10T19:03:20.099342+00:00,400460.09913541,2,32,admission,30.9,47.9,40.1
2026-10-10T19:03:22.106604+00:00,400462.103005409,2,32,admission,30.9,42.0,40.1
2026-10-10T19:03:24.111340+00:00,400464.111148794,2,32,admission,30.9,46.3,40.5
2026-10-10T19:03:26.118644+00:00,400466.115512803,2,32,admission,30.9,41.6,40.1
2026-10-10T19:03:28.123319+00:00,400468.123336396,2,32,admission,30.9,50.2,40.5
2026-10-10T19:03:30.127930+00:00,400470.126978322,2,32,admission,30.9,42.8,40.1
2026-10-10T19:03:32.132767+00:00,400472.132338113,2,32,admission,30.9,44.8,40.1
2026-10-10T19:03:34.136987+00:00,400474.136961238,2,32,admission,30.9,45.9,40.1
2026-10-10T19:03:36.141308+00:00,400476.140711289,2,32,admission,30.9,45.1,40.1
2026-10-10T19:03:38.145886+00:00,400478.145105507,2,32,admission,30.9,43.2,40.1
2026-10-10T19:03:40.149631+00:00,400480.149645558,2,32,admission,30.9,50.2,40.1
2026-10-10T19:03:42.156614+00:00,400482.153188214,2,32,admission,30.7,41.3,40.1
2026-10-10T19:03:44.162320+00:00,400484.161443682,2,32,admission,30.7,43.2,40.5
2026-10-10T19:03:46.166958+00:00,400486.166541389,2,32,admission,30.7,42.8,40.1
2026-10-10T19:03:48.172461+00:00,400488.171687795,2,32,admission,30.7,44.0,40.1
2026-10-10T19:03:50.177745+00:00,400490.176595034,2,32,admission,30.7,42.4,39.7
2026-10-10T19:03:52.183944+00:00,400492.182850866,2,32,admission,30.7,42.0,39.7
2026-10-10T19:03:54.191563+00:00,400494.188183522,2,32,admission,30.7,42.0,40.1
2026-10-10T19:03:56.199112+00:00,400496.196136958,2,32,admission,30.7,40.9,39.7
2026-10-10T19:03:58.206456+00:00,400498.205043103,2,32,admission,30.7,42.4,39.7
2026-10-10T19:04:00.211745+00:00,400500.211308519,2,32,admission,30.7,42.8,40.1
2026-10-10T19:04:02.217090+00:00,400502.216305029,2,32,admission,30.7,43.6,39.7
2026-10-10T19:04:04.221504+00:00,400504.221194143,2,32,admission,30.7,46.3,39.7
2026-10-10T19:04:06.226173+00:00,400506.226261486,2,32,admission,30.7,50.2,39.7
2026-10-10T19:04:08.231193+00:00,400508.229992006,2,32,admission,30.7,42.8,39.7
2026-10-10T19:04:10.235898+00:00,400510.235161016,2,32,admission,30.7,44.0,40.1
2026-10-10T19:04:12.240800+00:00,400512.24012539,2,32,admission,30.6,42.4,39.7
2026-10-10T19:04:14.245969+00:00,400514.245192785,2,32,admission,30.6,42.0,40.1
2026-10-10T19:04:16.251704+00:00,400516.250318774,2,32,admission,30.6,42.0,39.7
2026-10-10T19:04:18.256554+00:00,400518.256089762,2,32,admission,30.6,42.0,40.1
2026-10-10T19:04:20.260097+00:00,400520.260236428,2,32,admission,30.6,49.8,40.1
2026-10-10T19:04:22.263842+00:00,400522.263656063,2,32,admission,30.6,47.5,39.7
2026-10-10T19:04:24.268881+00:00,400524.267797937,2,32,admission,30.6,41.3,40.1
2026-10-10T19:04:26.275909+00:00,400526.273731686,2,32,admission,30.6,42.0,39.7
2026-10-10T19:04:28.281494+00:00,400528.280771582,2,32,admission,30.6,42.0,40.1
2026-10-10T19:04:30.289598+00:00,400530.286567102,2,32,admission,30.6,40.5,40.1
2026-10-10T19:04:32.294053+00:00,400532.294217257,2,32,admission,30.6,48.7,39.7
2026-10-10T19:04:34.299905+00:00,400534.298408506,2,32,admission,30.6,42.4,40.1
2026-10-10T19:04:36.307676+00:00,400536.304138974,2,32,admission,30.6,40.9,39.7
2026-10-10T19:04:38.314669+00:00,400538.313286786,2,32,admission,30.6,43.2,39.3
2026-10-10T19:04:40.320067+00:00,400540.319012827,2,32,admission,30.6,42.4,40.1
2026-10-10T19:04:42.325011+00:00,400542.324265691,2,32,admission,30.4,45.9,39.7
2026-10-10T19:04:44.329174+00:00,400544.328871211,2,32,admission,30.4,42.0,39.3
2026-10-10T19:04:46.332672+00:00,400546.332818762,2,32,admission,30.4,48.3,39.7
2026-10-10T19:04:48.337862+00:00,400548.336813397,2,32,admission,30.4,42.0,39.7
2026-10-10T19:04:50.342603+00:00,400550.34212449,2,32,admission,30.4,42.8,39.7
2026-10-10T19:04:52.348052+00:00,400552.346380166,2,32,admission,30.4,40.9,39.3
2026-10-10T19:04:54.353447+00:00,400554.352549592,2,32,admission,30.4,42.4,40.1
2026-10-10T19:04:56.358954+00:00,400556.357963498,2,32,admission,30.4,42.4,39.3
2026-10-10T19:04:58.363347+00:00,400558.363017143,2,32,admission,30.4,44.4,39.7
2026-10-10T19:05:00.367210+00:00,400560.367122403,2,32,admission,30.4,44.4,39.7
2026-10-10T19:05:02.371015+00:00,400562.370612558,2,32,admission,30.4,44.4,39.7
2026-10-10T19:05:04.375593+00:00,400564.374907089,2,32,admission,30.4,42.8,39.3
2026-10-10T19:05:06.382044+00:00,400566.379625838,2,32,admission,30.4,40.9,39.3
2026-10-10T19:05:08.387751+00:00,400568.387133493,2,32,admission,30.4,42.4,39.3
2026-10-10T19:05:10.392324+00:00,400570.391954795,2,32,admission,30.4,45.1,38.9
2026-10-10T19:05:12.399088+00:00,400572.396121721,2,32,admission,30.3,40.1,39.7
2026-10-10T19:05:14.404284+00:00,400574.403250314,2,32,admission,30.3,40.9,39.3
2026-10-10T19:05:16.409445+00:00,400576.408477865,2,32,admission,30.3,41.6,39.3
2026-10-10T19:05:18.415935+00:00,400578.413910521,2,32,admission,30.3,42.0,39.3
2026-10-10T19:05:20.420385+00:00,400580.420069218,2,32,admission,30.3,43.6,39.3
2026-10-10T19:05:22.428280+00:00,400582.424983644,2,32,admission,30.3,40.5,38.9
2026-10-10T19:05:24.437627+00:00,400584.434356821,2,32,admission,30.3,40.5,38.9
2026-10-10T19:05:26.443325+00:00,400586.443347757,2,32,admission,30.3,56.1,40.9
2026-10-10T19:05:28.449159+00:00,400588.448648538,2,32,admission,30.3,49.4,41.6
2026-10-10T19:05:30.453438+00:00,400590.452950204,2,32,admission,30.3,44.0,40.9
2026-10-10T19:05:32.458889+00:00,400592.457038484,2,32,admission,30.3,44.0,40.5
2026-10-10T19:05:34.464288+00:00,400594.463568431,2,32,admission,30.3,44.0,40.5
2026-10-10T19:05:36.468408+00:00,400596.468349889,2,32,admission,30.3,46.3,39.7
2026-10-10T19:05:38.473396+00:00,400598.471983742,2,32,admission,30.3,42.4,40.1
2026-10-10T19:05:40.477883+00:00,400600.477963741,2,32,admission,30.3,48.7,40.1
2026-10-10T19:05:42.484831+00:00,400602.482048376,2,32,admission,30.2,41.3,39.7
2026-10-10T19:05:44.489897+00:00,400604.489612646,2,32,admission,30.2,43.6,39.7
2026-10-10T19:05:46.495341+00:00,400606.494916708,2,32,admission,30.2,47.9,39.3
2026-10-10T19:05:48.499935+00:00,400608.499650405,2,32,admission,30.2,45.5,39.3
2026-10-10T19:05:50.503436+00:00,400610.503384519,2,32,admission,30.2,45.1,38.9
2026-10-10T19:05:52.508131+00:00,400612.506946549,2,32,admission,30.2,41.6,39.3
2026-10-10T19:05:54.514834+00:00,400614.512878424,2,32,admission,30.2,42.4,38.9
2026-10-10T19:05:56.520799+00:00,400616.519393631,2,32,admission,30.2,41.6,39.3
2026-10-10T19:05:58.525458+00:00,400618.525072224,2,32,admission,30.2,41.6,38.9
2026-10-10T19:06:00.530022+00:00,400620.529242848,2,32,admission,30.2,42.4,39.3
2026-10-10T19:06:02.533894+00:00,400622.533753577,2,32,admission,30.2,47.9,38.9
2026-10-10T19:06:04.538373+00:00,400624.53748618,2,32,admission,30.2,41.3,39.3
2026-10-10T19:06:06.544682+00:00,400626.542661492,2,32,admission,30.2,40.5,38.9
2026-10-10T19:06:08.550820+00:00,400628.549513106,2,32,admission,30.2,41.3,38.9
2026-10-10T19:06:10.555600+00:00,400630.555074043,2,32,admission,30.2,42.4,38.5
2026-10-10T19:06:12.560158+00:00,400632.55956175,2,32,admission,30.1,42.0,38.9
2026-10-10T19:06:14.564329+00:00,400634.564390343,2,32,admission,30.1,48.3,38.5
2026-10-10T19:06:16.568713+00:00,400636.567862009,2,32,admission,30.1,42.8,39.3
2026-10-10T19:06:18.573275+00:00,400638.572572685,2,32,admission,30.1,45.9,38.9
2026-10-10T19:06:20.577734+00:00,400640.57770857,2,32,admission,30.1,53.3,39.3
2026-10-10T19:06:22.582941+00:00,400642.582281798,2,32,admission,30.1,44.4,38.9
2026-10-10T19:06:24.587750+00:00,400644.587458881,2,32,admission,30.1,42.4,38.9
2026-10-10T19:06:26.591779+00:00,400646.591392005,2,32,admission,30.1,40.9,38.9
2026-10-10T19:06:28.596479+00:00,400648.595286171,2,32,admission,30.1,42.0,38.9
2026-10-10T19:06:30.605408+00:00,400650.600963827,2,32,admission,30.1,39.7,38.9
2026-10-10T19:06:32.612561+00:00,400652.611253097,2,32,admission,30.1,42.4,38.9
2026-10-10T19:06:34.619720+00:00,400654.617251898,2,32,admission,30.1,40.5,38.9
2026-10-10T19:06:36.626049+00:00,400656.625410387,2,32,admission,30.1,40.1,38.5
2026-10-10T19:06:38.631426+00:00,400658.630736948,2,32,admission,30.1,44.0,38.9
2026-10-10T19:06:40.637087+00:00,400660.635242208,2,32,admission,30.1,40.9,38.5
2026-10-10T19:06:42.642143+00:00,400662.641396009,2,32,admission,30.1,41.6,38.9
2026-10-10T19:06:44.646818+00:00,400664.646435019,2,32,admission,30.0,43.2,38.5
2026-10-10T19:06:46.650642+00:00,400666.650389758,2,32,admission,30.0,41.6,38.5
2026-10-10T19:06:48.655923+00:00,400668.654891893,2,32,admission,30.0,40.5,38.5
2026-10-10T19:06:50.660561+00:00,400670.659838975,2,32,admission,30.0,40.5,38.5
2026-10-10T19:06:52.664678+00:00,400672.664817151,2,32,admission,30.0,47.9,38.5
2026-10-10T19:06:54.669012+00:00,400674.668105692,2,32,admission,30.0,40.9,38.5
2026-10-10T19:06:56.673794+00:00,400676.672987619,2,32,admission,30.0,40.9,38.5
2026-10-10T19:06:58.678524+00:00,400678.67785866,2,32,admission,30.0,41.3,38.1
2026-10-10T19:07:00.682889+00:00,400680.682422513,2,32,admission,30.0,40.5,38.5
2026-10-10T19:07:02.689714+00:00,400682.686880325,2,32,admission,30.0,41.3,38.5
2026-10-10T19:07:04.696581+00:00,400684.695239074,2,32,admission,30.0,41.3,38.5
2026-10-10T19:07:06.700866+00:00,400686.700388396,2,32,admission,30.0,42.8,38.5
2026-10-10T19:07:08.705461+00:00,400688.704856833,2,32,admission,30.0,41.6,38.5
2026-10-10T19:07:10.711807+00:00,400690.709781467,2,32,admission,30.0,40.5,38.5
2026-10-10T19:07:12.719445+00:00,400692.716742456,2,32,admission,30.0,40.1,38.5
2026-10-10T19:07:14.725526+00:00,400694.724845476,2,32,admission,29.9,40.1,38.5
2026-10-10T19:07:16.730434+00:00,400696.729687663,2,32,admission,29.9,41.3,38.1
2026-10-10T19:07:18.734697+00:00,400698.734501829,2,32,admission,29.9,46.3,38.9
2026-10-10T19:07:20.741084+00:00,400700.738994224,2,32,admission,29.9,38.9,38.1
2026-10-10T19:07:22.745943+00:00,400702.745726723,2,32,admission,29.9,43.2,38.5
2026-10-10T19:07:24.750902+00:00,400704.749918545,2,32,admission,29.9,41.3,38.1
2026-10-10T19:07:26.755531+00:00,400706.754846618,2,32,admission,29.9,40.9,37.7
2026-10-10T19:07:28.759947+00:00,400708.759571825,2,32,admission,29.9,45.1,38.5
2026-10-10T19:07:30.764206+00:00,400710.763582085,2,32,admission,29.9,41.6,38.1
2026-10-10T19:07:32.768368+00:00,400712.76808099,2,32,admission,29.9,44.0,38.1
2026-10-10T19:07:34.773269+00:00,400714.772605625,2,32,admission,29.9,39.7,38.5
2026-10-10T19:07:36.778741+00:00,400716.777469322,2,32,admission,29.9,42.8,38.1
2026-10-10T19:07:38.783226+00:00,400718.782647759,2,32,admission,29.9,41.3,38.1
2026-10-10T19:07:40.789865+00:00,400720.787039633,2,32,admission,29.9,39.7,37.7
2026-10-10T19:07:42.798078+00:00,400722.794802757,2,32,admission,29.9,38.9,38.1
2026-10-10T19:07:44.803473+00:00,400724.803204059,2,32,admission,29.7,45.5,38.1
2026-10-10T19:07:46.808113+00:00,400726.807515725,2,32,admission,29.7,41.6,38.5
2026-10-10T19:07:48.812804+00:00,400728.811846401,2,32,admission,29.7,40.1,38.1
2026-10-10T19:07:50.819892+00:00,400730.818130358,2,32,admission,29.7,40.9,38.5
2026-10-10T19:07:52.825146+00:00,400732.823978326,2,32,admission,29.7,40.9,37.7
2026-10-10T19:07:54.830364+00:00,400734.829519524,2,32,admission,29.7,40.5,38.1
2026-10-10T19:07:56.835002+00:00,400736.834773846,2,32,admission,29.7,41.3,38.1
2026-10-10T19:07:58.841480+00:00,400738.838435668,2,32,admission,29.7,39.3,38.1
2026-10-10T19:08:00.847359+00:00,400740.846582282,2,32,admission,29.7,40.1,37.7
2026-10-10T19:08:02.851797+00:00,400742.851417021,2,32,admission,29.7,42.4,38.1
2026-10-10T19:08:04.857247+00:00,400744.856376239,2,32,admission,29.7,40.9,38.1
2026-10-10T19:08:06.862653+00:00,400746.861495456,2,32,admission,29.7,39.3,38.1
2026-10-10T19:08:08.868400+00:00,400748.866805299,2,32,admission,29.7,40.1,38.1
2026-10-10T19:08:10.880223+00:00,400750.872733163,2,32,admission,29.7,48.7,38.1
2026-10-10T19:08:12.886809+00:00,400752.884303683,2,32,admission,29.7,40.1,38.1
2026-10-10T19:08:14.892344+00:00,400754.891652693,2,32,admission,29.6,42.8,38.1
2026-10-10T19:08:16.899687+00:00,400756.896672276,2,32,admission,29.6,39.3,37.7
2026-10-10T19:08:18.906088+00:00,400758.904941858,2,32,admission,29.6,39.3,37.7
2026-10-10T19:08:20.911958+00:00,400760.91103842,2,32,admission,29.6,40.9,38.1
2026-10-10T19:08:22.916308+00:00,400762.915793159,2,32,admission,29.6,41.3,37.7
2026-10-10T19:08:24.920610+00:00,400764.920576283,2,32,admission,29.6,44.0,37.7
2026-10-10T19:08:26.925180+00:00,400766.924926022,2,32,admission,29.6,40.1,38.1
2026-10-10T19:08:28.929521+00:00,400768.929526386,2,32,admission,29.6,47.1,38.1
2026-10-10T19:08:30.934811+00:00,400770.933627531,2,32,admission,29.6,40.1,38.1
2026-10-10T19:08:32.939366+00:00,400772.938814092,2,32,admission,29.6,44.0,37.4
2026-10-10T19:08:34.946002+00:00,400774.943512165,2,32,admission,29.6,39.3,37.7
2026-10-10T19:08:36.951580+00:00,400776.950491695,2,32,admission,29.6,41.3,37.4
2026-10-10T19:08:38.956627+00:00,400778.956176382,2,32,admission,29.6,42.0,37.7
2026-10-10T19:08:40.960343+00:00,400780.9602831,2,32,admission,29.6,48.3,37.7
2026-10-10T19:08:42.964647+00:00,400782.964063984,2,32,admission,29.6,44.4,38.1
2026-10-10T19:08:44.969283+00:00,400784.969000546,2,32,admission,29.5,42.0,38.1
2026-10-10T19:08:46.973026+00:00,400786.972971118,2,32,admission,29.5,45.9,37.7
2026-10-10T19:08:48.977868+00:00,400788.977077159,2,32,admission,29.5,41.3,38.1
2026-10-10T19:08:50.982453+00:00,400790.982050335,2,32,admission,29.5,40.9,38.1
2026-10-10T19:08:52.986391+00:00,400792.986249658,2,32,admission,29.5,46.3,37.7
2026-10-10T19:08:54.992011+00:00,400794.990643251,2,32,admission,29.5,40.5,37.7
2026-10-10T19:08:56.998682+00:00,400796.997410906,2,32,admission,29.5,40.5,37.7
2026-10-10T19:08:59.003932+00:00,400799.002893562,2,32,admission,29.5,40.5,38.1
2026-10-10T19:09:01.008527+00:00,400801.008359707,2,32,admission,29.5,47.1,37.7
2026-10-10T19:09:03.012265+00:00,400803.012075383,2,32,admission,29.5,40.9,38.1
2026-10-10T19:09:05.017566+00:00,400805.017392413,2,32,admission,29.5,47.5,38.1
2026-10-10T19:09:07.021848+00:00,400807.021420902,2,32,admission,29.5,44.0,37.7
2026-10-10T19:09:09.026862+00:00,400809.026138349,2,32,admission,29.5,41.6,37.4
2026-10-10T19:09:11.032541+00:00,400811.032048349,2,32,admission,29.5,40.5,37.7
2026-10-10T19:09:13.037344+00:00,400813.036711837,2,32,admission,29.5,40.5,37.7
2026-10-10T19:09:15.041889+00:00,400815.041267149,2,32,admission,29.4,41.3,37.7
2026-10-10T19:09:17.047325+00:00,400817.046028034,2,32,admission,29.4,40.1,37.7
2026-10-10T19:09:19.051247+00:00,400819.051120429,2,32,admission,29.4,45.1,37.7
2026-10-10T19:09:21.055837+00:00,400821.055381574,2,32,admission,29.4,40.5,37.7
2026-10-10T19:09:23.059843+00:00,400823.059437355,2,32,admission,29.4,40.1,38.1
2026-10-10T19:09:25.066428+00:00,400825.064695322,2,32,admission,29.4,40.5,37.7
2026-10-10T19:09:27.071803+00:00,400827.07089204,2,32,admission,29.4,40.9,38.1
2026-10-10T19:09:29.076815+00:00,400829.075810321,2,32,admission,29.4,42.0,38.1
2026-10-10T19:09:31.080414+00:00,400831.080436779,2,32,admission,29.4,47.9,38.1
2026-10-10T19:09:33.084341+00:00,400833.083851986,2,32,admission,29.4,41.3,37.7
2026-10-10T19:09:35.089496+00:00,400835.088839173,2,32,admission,29.4,41.6,37.7
2026-10-10T19:09:37.096368+00:00,400837.093431203,2,32,admission,29.4,38.5,37.7
2026-10-10T19:09:39.103971+00:00,400839.101512348,2,32,admission,29.4,39.3,37.7
2026-10-10T19:09:41.111019+00:00,400841.109065889,2,32,admission,29.4,39.3,37.7
2026-10-10T19:09:43.116676+00:00,400843.116529743,2,32,admission,29.4,47.1,37.7
2026-10-10T19:09:45.121479+00:00,400845.120491252,2,32,admission,29.4,39.3,37.4
2026-10-10T19:09:47.126590+00:00,400847.12578646,2,32,admission,29.4,39.7,37.7
2026-10-10T19:09:49.134323+00:00,400849.131518959,2,32,admission,29.4,38.9,37.7
2026-10-10T19:09:51.139441+00:00,400851.13860849,2,32,admission,29.4,39.7,37.4
2026-10-10T19:09:53.145940+00:00,400853.143547656,2,32,admission,29.4,38.9,37.7
2026-10-10T19:09:55.150719+00:00,400855.150734999,2,32,admission,29.4,47.9,37.7
2026-10-10T19:09:57.155179+00:00,400857.154235883,2,32,admission,29.4,43.6,38.1
2026-10-10T19:09:59.159800+00:00,400859.159016612,2,32,admission,29.4,40.5,37.7
2026-10-10T19:10:01.164817+00:00,400861.163900517,2,32,admission,29.4,41.6,37.4
2026-10-10T19:10:03.171675+00:00,400863.170104423,2,32,admission,29.4,40.1,37.4
2026-10-10T19:10:05.177441+00:00,400865.176110932,2,32,admission,29.4,39.7,37.7
2026-10-10T19:10:07.183462+00:00,400867.182319681,2,32,admission,29.4,40.9,37.4
2026-10-10T19:10:09.187861+00:00,400869.187308431,2,32,admission,29.4,43.6,37.7
2026-10-10T19:10:11.193748+00:00,400871.191588378,2,32,admission,29.4,40.5,37.7
2026-10-10T19:10:13.198766+00:00,400873.19839796,2,32,admission,29.4,43.2,37.7
2026-10-10T19:10:15.205039+00:00,400875.202452439,2,32,admission,29.3,39.7,37.7
2026-10-10T19:10:17.210886+00:00,400877.209783532,2,32,admission,29.3,40.5,37.4
2026-10-10T19:10:19.215623+00:00,400879.214884937,2,32,admission,29.3,41.6,37.4
2026-10-10T19:10:21.221236+00:00,400881.219751551,2,32,admission,29.3,38.9,37.4
2026-10-10T19:10:23.224789+00:00,400883.224854571,2,32,admission,29.3,43.2,37.4
2026-10-10T19:10:25.231814+00:00,400885.228619622,2,32,admission,29.3,38.9,37.7
2026-10-10T19:10:27.237265+00:00,400887.236581861,2,32,admission,29.3,41.3,37.7
2026-10-10T19:10:29.242663+00:00,400889.241564777,2,32,admission,29.3,39.7,37.7
2026-10-10T19:10:31.247400+00:00,400891.246929308,2,32,admission,29.3,42.8,37.7
2026-10-10T19:10:33.252525+00:00,400893.251546182,2,32,admission,29.3,39.7,37.4
2026-10-10T19:10:35.256644+00:00,400895.256675192,2,32,admission,29.3,41.6,37.7
2026-10-10T19:10:37.260341+00:00,400897.260072951,2,32,admission,29.3,44.4,37.7
2026-10-10T19:10:39.265781+00:00,400899.263947794,2,32,admission,29.3,40.5,37.7
2026-10-10T19:10:41.270988+00:00,400901.270398991,2,32,admission,29.3,43.2,37.7
2026-10-10T19:10:43.276174+00:00,400903.275001022,2,32,admission,29.3,40.9,37.4
2026-10-10T19:10:45.283040+00:00,400905.280073156,2,32,admission,29.2,37.7,37.0
2026-10-10T19:10:47.289145+00:00,400907.287997583,2,32,admission,29.2,40.1,37.7
2026-10-10T19:10:49.293642+00:00,400909.293622999,2,32,admission,29.2,45.5,37.7
2026-10-10T19:10:51.300894+00:00,400911.297779508,2,32,admission,29.2,38.9,37.4
2026-10-10T19:10:53.306563+00:00,400913.305818049,2,32,admission,29.2,40.9,37.7
2026-10-10T19:10:55.310865+00:00,400915.310729298,2,32,admission,29.2,44.0,37.7
2026-10-10T19:10:57.315189+00:00,400917.314536277,2,32,admission,29.2,40.5,37.4
2026-10-10T19:10:59.320324+00:00,400919.319323464,2,32,admission,29.2,40.5,37.4
2026-10-10T19:11:01.324408+00:00,400921.324437317,2,32,admission,29.2,45.9,37.4
2026-10-10T19:11:03.331786+00:00,400923.328613202,2,32,admission,29.2,40.1,37.4
2026-10-10T19:11:05.337278+00:00,400925.33686919,2,32,admission,29.2,39.3,37.4
2026-10-10T19:11:07.341663+00:00,400927.341216794,2,32,admission,29.2,42.0,37.7
2026-10-10T19:11:09.345901+00:00,400929.345371324,2,32,admission,29.2,41.3,37.7
2026-10-10T19:11:11.351036+00:00,400931.350449605,2,32,admission,29.2,40.1,37.7
2026-10-10T19:11:13.357042+00:00,400933.354965854,2,32,admission,29.2,38.9,37.7
2026-10-10T19:11:15.360910+00:00,400935.360892416,2,32,admission,29.1,44.8,37.4
2026-10-10T19:11:17.366632+00:00,400937.364770071,2,32,admission,29.1,40.1,37.4
2026-10-10T19:11:19.372438+00:00,400939.372073925,2,32,admission,29.1,41.3,37.7
2026-10-10T19:11:21.376906+00:00,400941.37641007,2,32,admission,29.1,41.3,37.7
2026-10-10T19:11:23.383773+00:00,400943.381219132,2,32,admission,29.1,38.9,37.4
2026-10-10T19:11:25.389114+00:00,400945.388553922,2,32,admission,29.1,43.2,37.7
2026-10-10T19:11:27.393175+00:00,400947.393185849,2,32,admission,29.1,45.1,38.1
2026-10-10T19:11:29.397197+00:00,400949.396695796,2,32,admission,29.1,40.1,37.7
2026-10-10T19:11:31.402145+00:00,400951.401051003,2,32,admission,29.1,40.1,37.7
2026-10-10T19:11:33.407742+00:00,400953.406913919,2,32,admission,29.1,38.9,37.7
2026-10-10T19:11:35.412784+00:00,400955.411934492,2,32,admission,29.1,39.3,37.4
2026-10-10T19:11:37.418730+00:00,400957.417691887,2,32,admission,29.1,42.0,37.4
2026-10-10T19:11:39.424636+00:00,400959.424633865,2,32,admission,29.1,43.2,37.4
2026-10-10T19:11:41.428808+00:00,400961.428094333,2,32,admission,29.1,40.9,37.4
2026-10-10T19:11:43.433965+00:00,400963.433526884,2,32,admission,29.1,40.1,37.7
2026-10-10T19:11:45.438936+00:00,400965.438022925,2,32,admission,29.1,40.1,37.4
2026-10-10T19:11:47.443593+00:00,400967.442913237,2,32,admission,29.1,40.5,37.7
2026-10-10T19:11:49.448434+00:00,400969.447653028,2,32,admission,29.1,40.5,37.4
2026-10-10T19:11:51.452925+00:00,400971.452422037,2,32,admission,29.1,41.6,37.4
2026-10-10T19:11:53.459412+00:00,400973.456591724,2,32,admission,29.1,38.9,37.7
2026-10-10T19:11:55.465886+00:00,400975.46430688,2,32,admission,29.1,40.5,37.0
2026-10-10T19:11:57.471470+00:00,400977.470547764,2,32,admission,29.1,40.1,37.7
2026-10-10T19:11:59.478776+00:00,400979.476316045,2,32,admission,29.1,38.9,37.7
2026-10-10T19:12:01.484040+00:00,400981.483465367,2,32,admission,29.1,40.1,37.4
2026-10-10T19:12:03.489087+00:00,400983.488273491,2,32,admission,29.1,40.9,37.4
2026-10-10T19:12:05.496216+00:00,400985.493565574,2,32,admission,29.1,38.9,37.0
2026-10-10T19:12:07.501215+00:00,400987.500725521,2,32,admission,29.1,41.3,37.7
2026-10-10T19:12:09.506767+00:00,400989.505327968,2,32,admission,29.1,40.5,37.7
2026-10-10T19:12:11.511576+00:00,400991.51072854,2,32,admission,29.1,42.4,37.7
2026-10-10T19:12:13.515830+00:00,400993.515542967,2,32,admission,29.1,44.0,37.4
2026-10-10T19:12:15.522996+00:00,400995.519662705,2,32,admission,29.0,39.3,37.7
2026-10-10T19:12:17.530478+00:00,400997.528131142,2,32,admission,29.0,38.9,37.4
2026-10-10T19:12:19.535873+00:00,400999.535809579,2,32,admission,29.0,48.3,37.7
2026-10-10T19:12:21.540379+00:00,401001.539524891,2,32,admission,29.0,40.5,37.4
2026-10-10T19:12:23.545911+00:00,401003.544397442,2,32,admission,29.0,39.3,37.4
2026-10-10T19:12:25.551313+00:00,401005.550435722,2,32,admission,29.0,38.9,37.4
2026-10-10T19:12:27.556140+00:00,401007.555283795,2,32,admission,29.0,44.8,38.5
2026-10-10T19:12:29.570763+00:00,401009.570348065,2,32,admission,29.0,47.1,37.7
2026-10-10T19:12:31.575285+00:00,401011.574330512,2,32,admission,29.0,40.9,38.1
2026-10-10T19:12:33.583043+00:00,401013.579425251,2,32,admission,29.0,40.1,38.1
2026-10-10T19:12:35.588931+00:00,401015.588086291,2,32,admission,29.0,41.6,37.7
2026-10-10T19:12:37.594649+00:00,401017.593862801,2,32,admission,29.0,42.4,37.7
2026-10-10T19:12:39.601751+00:00,401019.598695352,2,32,admission,29.0,39.3,37.7
2026-10-10T19:12:41.610834+00:00,401021.607245352,2,32,admission,29.0,38.5,37.7
2026-10-10T19:12:43.616021+00:00,401023.616069309,2,32,admission,29.0,44.8,37.4
2026-10-10T19:12:45.619641+00:00,401025.619413631,2,32,admission,29.0,41.6,37.7
2026-10-10T19:12:47.624504+00:00,401027.623702276,2,32,admission,29.0,41.6,37.4
2026-10-10T19:12:49.629761+00:00,401029.628734932,2,32,admission,29.0,40.1,37.4
2026-10-10T19:12:51.636321+00:00,401031.634397119,2,32,admission,29.0,38.9,37.7
2026-10-10T19:12:53.641741+00:00,401033.640927535,2,32,admission,29.0,40.5,37.7
2026-10-10T19:12:55.648773+00:00,401035.645988367,2,32,admission,29.0,38.9,37.4
2026-10-10T19:12:57.654134+00:00,401037.653639929,2,32,admission,29.0,44.8,37.7
2026-10-10T19:12:59.657981+00:00,401039.657798626,2,32,admission,29.0,42.8,37.4
2026-10-10T19:13:01.664377+00:00,401041.662060396,2,32,admission,29.0,38.5,37.4
2026-10-10T19:13:03.669842+00:00,401043.668979666,2,32,admission,29.0,39.3,37.4
2026-10-10T19:13:05.675078+00:00,401045.674200707,2,32,admission,29.0,41.3,37.0
2026-10-10T19:13:07.680469+00:00,401047.679276383,2,32,admission,29.0,40.1,37.4
2026-10-10T19:13:09.684772+00:00,401049.684926174,2,32,admission,29.0,47.9,37.0
2026-10-10T19:13:11.690989+00:00,401051.688722528,2,32,admission,29.0,40.1,37.7
2026-10-10T19:13:13.696821+00:00,401053.696368256,2,32,admission,29.0,43.6,37.7
2026-10-10T19:13:15.701559+00:00,401055.701273255,2,32,admission,29.0,44.4,37.4
2026-10-10T19:13:17.706002+00:00,401057.705495702,2,32,admission,29.0,39.7,37.7
2026-10-10T19:13:19.710861+00:00,401059.709927889,2,32,admission,29.0,40.1,37.0
2026-10-10T19:13:21.715940+00:00,401061.715373566,2,32,admission,29.0,45.1,37.0
2026-10-10T19:13:23.720598+00:00,401063.719692263,2,32,admission,29.0,39.3,37.4
2026-10-10T19:13:25.725689+00:00,401065.724686116,2,32,admission,29.0,39.3,37.4
2026-10-10T19:13:27.732922+00:00,401067.729969657,2,32,admission,29.0,38.9,37.4
2026-10-10T19:13:29.740208+00:00,401069.738509187,2,32,admission,29.0,39.3,37.7
2026-10-10T19:13:31.744955+00:00,401071.744647624,2,32,admission,29.0,39.7,37.4
2026-10-10T19:13:33.748543+00:00,401073.74871778,2,32,admission,29.0,49.0,37.7
2026-10-10T19:13:35.752772+00:00,401075.751930904,2,32,admission,29.0,40.5,37.4
2026-10-10T19:13:37.757067+00:00,401077.756560799,2,32,admission,29.0,39.7,37.4
2026-10-10T19:13:39.764165+00:00,401079.761144496,2,32,admission,29.0,38.5,37.4
2026-10-10T19:13:41.768369+00:00,401081.768055381,2,32,admission,29.0,42.4,37.4
2026-10-10T19:13:43.774892+00:00,401083.772143505,2,32,admission,29.0,42.4,37.4
2026-10-10T19:13:45.781330+00:00,401085.780595848,2,32,admission,28.9,39.7,37.4
2026-10-10T19:13:47.785523+00:00,401087.785535274,2,32,admission,28.9,48.7,37.4
2026-10-10T19:13:49.790525+00:00,401089.789321576,2,32,admission,28.9,40.1,37.0
2026-10-10T19:13:51.795156+00:00,401091.794426835,2,32,admission,28.9,40.9,37.4
2026-10-10T19:13:53.802056+00:00,401093.799102772,2,32,admission,28.9,39.3,37.4
2026-10-10T19:13:55.807520+00:00,401095.807206313,2,32,admission,28.9,41.3,37.0
2026-10-10T19:13:57.814790+00:00,401097.812111573,2,32,admission,28.9,38.5,37.4
2026-10-10T19:13:59.820158+00:00,401099.81928553,2,32,admission,28.9,40.9,37.0
2026-10-10T19:14:01.823918+00:00,401101.823758759,2,32,admission,28.9,47.5,37.0
2026-10-10T19:14:03.830453+00:00,401103.827758237,2,32,admission,28.9,38.1,37.0
2026-10-10T19:14:05.835119+00:00,401105.834634799,2,32,admission,28.9,42.4,37.4
2026-10-10T19:14:07.839939+00:00,401107.839110527,2,32,admission,28.9,40.5,37.4
2026-10-10T19:14:09.844319+00:00,401109.843873026,2,32,admission,28.9,40.5,37.4
2026-10-10T19:14:11.848434+00:00,401111.84784839,2,32,admission,28.9,40.5,37.0
2026-10-10T19:14:13.852891+00:00,401113.852723962,2,32,admission,28.9,43.2,37.4
2026-10-10T19:14:15.857155+00:00,401115.856699795,2,32,admission,28.9,41.3,36.6
2026-10-10T19:14:17.863870+00:00,401117.861098961,2,32,admission,28.9,40.1,37.0
2026-10-10T19:14:19.869008+00:00,401119.868811356,2,32,admission,28.9,43.2,37.4
2026-10-10T19:14:21.873727+00:00,401121.87285297,2,32,admission,28.9,40.1,37.4
2026-10-10T19:14:23.878426+00:00,401123.877755261,2,32,admission,28.9,40.1,37.4
2026-10-10T19:14:25.883919+00:00,401125.883251197,2,32,admission,28.9,42.4,37.4
2026-10-10T19:14:27.887595+00:00,401127.887431717,2,32,admission,28.9,44.8,37.0
2026-10-10T19:14:29.894364+00:00,401129.89131229,2,32,admission,28.9,38.1,37.4
2026-10-10T19:14:31.900408+00:00,401131.900054633,2,32,admission,28.9,43.2,37.4
2026-10-10T19:14:33.905245+00:00,401133.90452484,2,32,admission,28.9,39.7,37.4
2026-10-10T19:14:35.909529+00:00,401135.909451402,2,32,admission,28.9,42.4,37.0
2026-10-10T19:14:37.914209+00:00,401137.913388224,2,32,admission,28.9,39.7,37.0
2026-10-10T19:14:39.918604+00:00,401139.918200202,2,32,admission,28.9,42.4,37.0
2026-10-10T19:14:41.922744+00:00,401141.922465514,2,32,admission,28.9,42.8,36.6
2026-10-10T19:14:43.927200+00:00,401143.926388482,2,32,admission,28.9,40.9,37.4
2026-10-10T19:14:45.931563+00:00,401145.931232544,2,32,admission,28.8,43.2,37.4
2026-10-10T19:14:47.935819+00:00,401147.934998533,2,32,admission,28.8,41.3,37.7
2026-10-10T19:14:49.944636+00:00,401149.94073473,2,32,admission,28.8,37.7,37.7
2026-10-10T19:14:51.951120+00:00,401151.949912021,2,32,admission,28.8,38.5,37.0
2026-10-10T19:14:53.955372+00:00,401153.955363635,2,32,admission,28.8,46.7,37.4
2026-10-10T19:14:55.961004+00:00,401155.959142488,2,32,admission,28.8,39.3,37.0
2026-10-10T19:14:57.966042+00:00,401157.965814258,2,32,admission,28.8,41.6,37.4
2026-10-10T19:14:59.970338+00:00,401159.969806236,2,32,admission,28.8,40.9,37.0
2026-10-10T19:15:01.977100+00:00,401161.974449934,2,32,admission,28.8,38.9,37.0
2026-10-10T19:15:03.984954+00:00,401163.981917797,2,32,admission,28.8,38.1,37.0
2026-10-10T19:15:05.989688+00:00,401165.989691234,2,32,admission,28.8,46.3,37.0
2026-10-10T19:15:07.994148+00:00,401167.993447171,2,32,admission,28.8,40.1,37.0
2026-10-10T19:15:09.998935+00:00,401169.998140035,2,32,admission,28.8,40.1,37.4
2026-10-10T19:15:12.005325+00:00,401172.003633419,2,32,admission,28.8,38.9,37.4
2026-10-10T19:15:14.011093+00:00,401174.010032741,2,32,admission,28.8,38.9,37.0
2026-10-10T19:15:16.017687+00:00,401176.015504876,2,32,admission,28.8,38.9,37.4
2026-10-10T19:15:18.024723+00:00,401178.0242655,2,32,admission,28.8,41.3,37.4
2026-10-10T19:15:20.031099+00:00,401180.02884576,2,32,admission,28.8,38.9,37.4
2026-10-10T19:15:22.036040+00:00,401182.03518727,2,32,admission,28.8,38.1,37.0
2026-10-10T19:15:24.040991+00:00,401184.040058206,2,32,admission,28.8,40.1,37.4
