id,model,group,mode,power_epoch,validation_issues,passes_current_run_checks,diagnostic_timing,exit_code,abort_reason,iteration,monotonic_s,prompt,generation,decode_steps,context,threads,batch,ubatch,attention,device,ngl,prompt_hash,output_hash,reset_s,prefill_s,prefill_tok_s,ttft_s,decode_s,decode_tok_s,total_response_s,all_logits_finite
sustained-driver-gate-v1-cpu,qwen2.5-coder-1.5b,sustained-helper-gate,sustained,api-20261003T210139Z-UNPLUGGED,[],True,False,0,,-1,432160.62038717,32,8,7,256,5,32,32,off,none,0,7271718251011484503,13608895423923251057,9.901e-05,0.224378438,142.616199155,0.224681354,0.203386354,34.417254955,0.428067812,True
sustained-driver-gate-v1-cpu,qwen2.5-coder-1.5b,sustained-helper-gate,sustained,api-20261003T210139Z-UNPLUGGED,[],True,False,0,,0,432171.049489041,32,8,7,256,5,32,32,off,none,0,7271718251011484503,13608895423923251057,0.000330729,0.22299724,143.499533896,0.223298958,0.206724636,33.861469709,0.430023698,True
sustained-driver-gate-v1-cpu,qwen2.5-coder-1.5b,sustained-helper-gate,sustained,api-20261003T210139Z-UNPLUGGED,[],True,False,0,,1,432171.479705499,32,8,7,256,5,32,32,off,none,0,7271718251011484503,13608895423923251057,0.000153698,0.23390125,136.809871687,0.234203802,0.201857761,34.677883899,0.436061667,True
sustained-driver-gate-v1-cpu,qwen2.5-coder-1.5b,sustained-helper-gate,sustained,api-20261003T210139Z-UNPLUGGED,[],True,False,0,,2,432171.91599628,32,8,7,256,5,32,32,off,none,0,7271718251011484503,13608895423923251057,0.000190521,0.216681407,147.682260527,0.216984532,0.201629427,34.717154654,0.418614063,True
sustained-driver-gate-v1-cpu,qwen2.5-coder-1.5b,sustained-helper-gate,sustained,api-20261003T210139Z-UNPLUGGED,[],True,False,0,,3,432172.334817478,32,8,7,256,5,32,32,off,none,0,7271718251011484503,13608895423923251057,0.000170885,0.222594635,143.759080267,0.22289625,0.22127401,31.634985058,0.444170365,True
sustained-driver-gate-v1-cpu,qwen2.5-coder-1.5b,sustained-helper-gate,sustained,api-20261003T210139Z-UNPLUGGED,[],True,False,0,,4,432172.779202478,32,8,7,256,5,32,32,off,none,0,7271718251011484503,13608895423923251057,0.00017375,0.266752344,119.961457583,0.267055208,0.205121354,34.126139787,0.472176666,True
sustained-driver-gate-v1-cpu,qwen2.5-coder-1.5b,sustained-helper-gate,sustained,api-20261003T210139Z-UNPLUGGED,[],True,False,0,,5,432173.251579822,32,8,7,256,5,32,32,off,none,0,7271718251011484503,13608895423923251057,0.00016401,0.230067343,139.08970992,0.230370156,0.210322083,33.282287338,0.440692395,True
sustained-driver-gate-v1-cpu,qwen2.5-coder-1.5b,sustained-helper-gate,sustained,api-20261003T210139Z-UNPLUGGED,[],True,False,0,,6,432173.69249029,32,8,7,256,5,32,32,off,none,0,7271718251011484503,13608895423923251057,0.000181146,0.300599583,106.453906824,0.300930417,0.222901614,31.403989744,0.523832187,True
sustained-driver-gate-v1-cpu,qwen2.5-coder-1.5b,sustained-helper-gate,sustained,api-20261003T210139Z-UNPLUGGED,[],True,False,0,,7,432174.216529561,32,8,7,256,5,32,32,off,none,0,7271718251011484503,13608895423923251057,0.0001725,0.26313276,121.611615369,0.263464062,0.210875781,33.194897806,0.474339947,True
sustained-driver-gate-v1-cpu,qwen2.5-coder-1.5b,sustained-helper-gate,sustained,api-20261003T210139Z-UNPLUGGED,[],True,False,0,,8,432174.691085759,32,8,7,256,5,32,32,off,none,0,7271718251011484503,13608895423923251057,0.000166979,0.246704896,129.709626841,0.247037188,0.228178385,30.677752408,0.475215677,True
sustained-driver-gate-v1-cpu,qwen2.5-coder-1.5b,sustained-helper-gate,sustained,api-20261003T210139Z-UNPLUGGED,[],True,False,0,,9,432175.166498727,32,8,7,256,5,32,32,off,none,0,7271718251011484503,13608895423923251057,0.00015875,0.32535776,98.353271181,0.325733958,0.216507448,32.331451249,0.54224151,True
sustained-driver-gate-v1-cpu,qwen2.5-coder-1.5b,sustained-helper-gate,sustained,api-20261003T210139Z-UNPLUGGED,[],True,False,0,,10,432175.708948571,32,8,7,256,5,32,32,off,none,0,7271718251011484503,13608895423923251057,0.000169896,0.269186822,118.876547382,0.269517395,0.238144896,29.393869521,0.507662395,True
sustained-driver-gate-v1-cpu,qwen2.5-coder-1.5b,sustained-helper-gate,sustained,api-20261003T210139Z-UNPLUGGED,[],True,False,0,,11,432176.216821539,32,8,7,256,5,32,32,off,none,0,7271718251011484503,13608895423923251057,0.000174375,0.242324115,132.05454191,0.24265974,0.228299375,30.661494365,0.470959219,True
sustained-driver-gate-v1-cpu,qwen2.5-coder-1.5b,sustained-helper-gate,sustained,api-20261003T210139Z-UNPLUGGED,[],True,False,0,,12,432176.687998779,32,8,7,256,5,32,32,off,none,0,7271718251011484503,13608895423923251057,0.000177187,0.24065927,132.96807557,0.240993385,0.284097083,24.639464531,0.525090624,True
sustained-driver-gate-v1-cpu,qwen2.5-coder-1.5b,sustained-helper-gate,sustained,api-20261003T210139Z-UNPLUGGED,[],True,False,0,,13,432177.213304299,32,8,7,256,5,32,32,off,none,0,7271718251011484503,13608895423923251057,0.000180781,0.252455261,126.755132269,0.252786979,0.235351459,29.742751669,0.488138542,True
sustained-driver-gate-v1-cpu,qwen2.5-coder-1.5b,sustained-helper-gate,sustained,api-20261003T210139Z-UNPLUGGED,[],True,False,0,,14,432177.70164831,32,8,7,256,5,32,32,off,none,0,7271718251011484503,13608895423923251057,0.000157135,0.248462605,128.792016811,0.248794688,0.270218125,25.904998046,0.519012917,True
sustained-driver-gate-v1-cpu,qwen2.5-coder-1.5b,sustained-helper-gate,sustained,api-20261003T210139Z-UNPLUGGED,[],True,False,0,,15,432178.220849455,32,8,7,256,5,32,32,off,none,0,7271718251011484503,13608895423923251057,0.00015276,0.249003802,128.512093964,0.249335781,0.225626302,31.024751715,0.474962292,True
sustained-driver-gate-v1-cpu,qwen2.5-coder-1.5b,sustained-helper-gate,sustained,api-20261003T210139Z-UNPLUGGED,[],True,False,0,,16,432178.695999872,32,8,7,256,5,32,32,off,none,0,7271718251011484503,13608895423923251057,0.000154166,0.248122135,128.968743558,0.248455624,0.220347135,31.768055437,0.468802864,True
sustained-driver-gate-v1-cpu,qwen2.5-coder-1.5b,sustained-helper-gate,sustained,api-20261003T210139Z-UNPLUGGED,[],True,False,0,,17,432179.165017111,32,8,7,256,5,32,32,off,none,0,7271718251011484503,13608895423923251057,0.000169531,0.265931094,120.331923276,0.266263073,0.221722812,31.57095085,0.487985989,True
sustained-driver-gate-v1-cpu,qwen2.5-coder-1.5b,sustained-helper-gate,sustained,api-20261003T210139Z-UNPLUGGED,[],True,False,0,,18,432179.653198517,32,8,7,256,5,32,32,off,none,0,7271718251011484503,13608895423923251057,0.000153385,0.245919323,130.123975658,0.246251771,0.244477135,28.63253449,0.49072901,True
sustained-driver-gate-v1-cpu,qwen2.5-coder-1.5b,sustained-helper-gate,sustained,api-20261003T210139Z-UNPLUGGED,[],True,False,0,,19,432180.144165652,32,8,7,256,5,32,32,off,none,0,7271718251011484503,13608895423923251057,0.000196406,0.244959583,130.633795209,0.245291667,0.211914687,33.03216072,0.45720651,True
sustained-driver-gate-v1-cpu,qwen2.5-coder-1.5b,sustained-helper-gate,sustained,api-20261003T210139Z-UNPLUGGED,[],True,False,0,,20,432180.601591798,32,8,7,256,5,32,32,off,none,0,7271718251011484503,13608895423923251057,0.000182813,0.266490729,120.079224219,0.266828281,0.220200885,31.789154708,0.487029323,True
sustained-driver-gate-v1-gpu-adreno,qwen2.5-coder-1.5b,sustained-helper-gate,sustained,api-20261003T210139Z-UNPLUGGED,[],True,False,0,,-1,432334.521100489,32,8,7,256,5,32,32,off,GPUOpenCL,99,7271718251011484503,13608895423923251057,0.000845573,0.305629896,104.701799198,0.30593349,0.441792291,15.8445499,0.747725885,True
sustained-driver-gate-v1-gpu-adreno,qwen2.5-coder-1.5b,sustained-helper-gate,sustained,api-20261003T210139Z-UNPLUGGED,[],True,False,0,,0,432345.280698871,32,8,7,256,5,32,32,off,GPUOpenCL,99,7271718251011484503,13608895423923251057,0.0113225,0.274308177,116.657112996,0.274620625,0.399851771,17.506487423,0.6744725,True
sustained-driver-gate-v1-gpu-adreno,qwen2.5-coder-1.5b,sustained-helper-gate,sustained,api-20261003T210139Z-UNPLUGGED,[],True,False,0,,1,432345.955973766,32,8,7,256,5,32,32,off,GPUOpenCL,99,7271718251011484503,13608895423923251057,0.000739531,0.309316719,103.453832381,0.309628958,0.392081354,17.853437631,0.701710416,True
sustained-driver-gate-v1-gpu-adreno,qwen2.5-coder-1.5b,sustained-helper-gate,sustained,api-20261003T210139Z-UNPLUGGED,[],True,False,0,,2,432346.658546526,32,8,7,256,5,32,32,off,GPUOpenCL,99,7271718251011484503,13608895423923251057,0.000802604,0.279107656,114.651100792,0.279414479,0.426032344,16.430677385,0.705446979,True
sustained-driver-gate-v1-gpu-adreno,qwen2.5-coder-1.5b,sustained-helper-gate,sustained,api-20261003T210139Z-UNPLUGGED,[],True,False,0,,3,432347.36483512,32,8,7,256,5,32,32,off,GPUOpenCL,99,7271718251011484503,13608895423923251057,0.000765157,0.279818645,114.35978471,0.28014375,0.446846979,15.665317948,0.726990833,True
sustained-driver-gate-v1-gpu-adreno,qwen2.5-coder-1.5b,sustained-helper-gate,sustained,api-20261003T210139Z-UNPLUGGED,[],True,False,0,,4,432348.092733505,32,8,7,256,5,32,32,off,GPUOpenCL,99,7271718251011484503,13608895423923251057,0.000865886,0.293729166,108.943896978,0.294045937,0.535654844,13.068116677,0.829700937,True
sustained-driver-gate-v1-gpu-adreno,qwen2.5-coder-1.5b,sustained-helper-gate,sustained,api-20261003T210139Z-UNPLUGGED,[],True,False,0,,5,432348.923411525,32,8,7,256,5,32,32,off,GPUOpenCL,99,7271718251011484503,13608895423923251057,0.000925,0.288045834,111.093431054,0.288352917,0.417406562,16.770220301,0.705759688,True
sustained-driver-gate-v1-gpu-adreno,qwen2.5-coder-1.5b,sustained-helper-gate,sustained,api-20261003T210139Z-UNPLUGGED,[],True,False,0,,6,432349.630001421,32,8,7,256,5,32,32,off,GPUOpenCL,99,7271718251011484503,13608895423923251057,0.000771667,0.293611406,108.987591579,0.293923021,0.428171718,16.348580968,0.722094948,True
sustained-driver-gate-v1-gpu-adreno,qwen2.5-coder-1.5b,sustained-helper-gate,sustained,api-20261003T210139Z-UNPLUGGED,[],True,False,0,,7,432350.352941629,32,8,7,256,5,32,32,off,GPUOpenCL,99,7271718251011484503,13608895423923251057,0.000789167,0.292118542,109.544569752,0.292425573,0.396202396,17.667737678,0.688628073,True
sustained-driver-gate-v1-gpu-adreno,qwen2.5-coder-1.5b,sustained-helper-gate,sustained,api-20261003T210139Z-UNPLUGGED,[],True,False,0,,8,432351.042409233,32,8,7,256,5,32,32,off,GPUOpenCL,99,7271718251011484503,13608895423923251057,0.000775052,0.284156302,112.614078149,0.284468541,0.398684895,17.557725632,0.683153593,True
sustained-driver-gate-v1-gpu-adreno,qwen2.5-coder-1.5b,sustained-helper-gate,sustained,api-20261003T210139Z-UNPLUGGED,[],True,False,0,,9,432351.726369597,32,8,7,256,5,32,32,off,GPUOpenCL,99,7271718251011484503,13608895423923251057,0.000742708,0.286591406,111.657221152,0.28690349,0.412133906,16.984770964,0.699037552,True
sustained-driver-gate-v1-gpu-adreno,qwen2.5-coder-1.5b,sustained-helper-gate,sustained,api-20261003T210139Z-UNPLUGGED,[],True,False,0,,10,432352.426232097,32,8,7,256,5,32,32,off,GPUOpenCL,99,7271718251011484503,13608895423923251057,0.000765104,0.279947292,114.307231806,0.28025401,0.444581875,15.74513131,0.724836041,True
sustained-driver-gate-v1-gpu-adreno,qwen2.5-coder-1.5b,sustained-helper-gate,sustained,api-20261003T210139Z-UNPLUGGED,[],True,False,0,,11,432353.151928816,32,8,7,256,5,32,32,off,GPUOpenCL,99,7271718251011484503,13608895423923251057,0.000801771,0.296250052,108.016858677,0.296643698,0.463481771,15.103075111,0.760125573,True
sustained-driver-gate-v1-gpu-adreno,qwen2.5-coder-1.5b,sustained-helper-gate,sustained,api-20261003T210139Z-UNPLUGGED,[],True,False,0,,12,432353.912915326,32,8,7,256,5,32,32,off,GPUOpenCL,99,7271718251011484503,13608895423923251057,0.0008025,0.434493437,73.648983563,0.434956614,0.826620989,8.468209848,1.261577812,True
sustained-driver-gate-v1-gpu-adreno,qwen2.5-coder-1.5b,sustained-helper-gate,sustained,api-20261003T210139Z-UNPLUGGED,[],True,False,0,,13,432355.175548398,32,8,7,256,5,32,32,off,GPUOpenCL,99,7271718251011484503,13608895423923251057,0.000969323,0.486154479,65.822699126,0.486609635,0.838254687,8.350683997,1.324864479,True
sustained-driver-gate-v1-gpu-generic,qwen2.5-coder-1.5b,sustained-helper-gate,sustained,api-20261003T210139Z-UNPLUGGED,[],True,False,0,,-1,432276.463574209,32,8,7,256,5,32,32,off,GPUOpenCL,99,7271718251011484503,13608895423923251057,0.000857969,0.792791458,40.363704322,0.793197187,0.718651562,9.740464462,1.511848906,True
sustained-driver-gate-v1-gpu-generic,qwen2.5-coder-1.5b,sustained-helper-gate,sustained,api-20261003T210139Z-UNPLUGGED,[],True,False,0,,0,432287.978521132,32,8,7,256,5,32,32,off,GPUOpenCL,99,7271718251011484503,13608895423923251057,0.002815365,0.771487187,41.478329827,0.771912291,0.648241875,10.798438469,1.420154374,True
sustained-driver-gate-v1-gpu-generic,qwen2.5-coder-1.5b,sustained-helper-gate,sustained,api-20261003T210139Z-UNPLUGGED,[],True,False,0,,1,432289.399549673,32,8,7,256,5,32,32,off,GPUOpenCL,99,7271718251011484503,13608895423923251057,0.000816302,0.762024635,41.993393035,0.762414166,0.678922343,10.310457554,1.441336822,True
sustained-driver-gate-v1-gpu-generic,qwen2.5-coder-1.5b,sustained-helper-gate,sustained,api-20261003T210139Z-UNPLUGGED,[],True,False,0,,2,432290.841684412,32,8,7,256,5,32,32,off,GPUOpenCL,99,7271718251011484503,13608895423923251057,0.000734531,0.772364114,41.431236149,0.772769791,0.637946301,10.972710382,1.410716302,True
sustained-driver-gate-v1-gpu-generic,qwen2.5-coder-1.5b,sustained-helper-gate,sustained,api-20261003T210139Z-UNPLUGGED,[],True,False,0,,3,432292.253224724,32,8,7,256,5,32,32,off,GPUOpenCL,99,7271718251011484503,13608895423923251057,0.000761406,0.76493026,41.833879078,0.765353489,0.63149151,11.08486795,1.39684526,True
sustained-driver-gate-v1-gpu-generic,qwen2.5-coder-1.5b,sustained-helper-gate,sustained,api-20261003T210139Z-UNPLUGGED,[],True,False,0,,4,432293.650892276,32,8,7,256,5,32,32,off,GPUOpenCL,99,7271718251011484503,13608895423923251057,0.000758489,0.770134426,41.551187584,0.770566353,0.632294896,11.070783655,1.402861405,True
sustained-driver-gate-v1-gpu-generic,qwen2.5-coder-1.5b,sustained-helper-gate,sustained,api-20261003T210139Z-UNPLUGGED,[],True,False,0,,5,432295.054666233,32,8,7,256,5,32,32,off,GPUOpenCL,99,7271718251011484503,13608895423923251057,0.000833125,0.818821823,39.080541213,0.819272813,0.68021927,10.290799318,1.499492292,True
sustained-driver-gate-v1-gpu-generic,qwen2.5-coder-1.5b,sustained-helper-gate,sustained,api-20261003T210139Z-UNPLUGGED,[],True,False,0,,6,432296.55502967,32,8,7,256,5,32,32,off,GPUOpenCL,99,7271718251011484503,13608895423923251057,0.000799219,0.775118385,41.284016247,0.775520885,0.658408333,10.631700191,1.433929323,True
sustained-driver-gate-v1-npu,qwen2.5-coder-1.5b,sustained-helper-gate,sustained,api-20261003T210139Z-UNPLUGGED,[],True,False,0,,-1,432215.377310899,32,8,7,256,5,32,32,off,HTP0,99,7271718251011484503,13608895423923251057,0.000163437,0.097028125,329.801281845,0.09740599,0.219175729,31.937842899,0.316581823,True
sustained-driver-gate-v1-npu,qwen2.5-coder-1.5b,sustained-helper-gate,sustained,api-20261003T210139Z-UNPLUGGED,[],True,False,0,,0,432225.694540375,32,8,7,256,5,32,32,off,HTP0,99,7271718251011484503,13608895423923251057,0.000227864,0.082953542,385.758090957,0.083340365,0.218316406,32.063554582,0.301656927,True
sustained-driver-gate-v1-npu,qwen2.5-coder-1.5b,sustained-helper-gate,sustained,api-20261003T210139Z-UNPLUGGED,[],True,False,0,,1,432225.996505374,32,8,7,256,5,32,32,off,HTP0,99,7271718251011484503,13608895423923251057,0.000225104,0.084239063,379.871271835,0.084625052,0.222318021,31.486426375,0.306943281,True
sustained-driver-gate-v1-npu,qwen2.5-coder-1.5b,sustained-helper-gate,sustained,api-20261003T210139Z-UNPLUGGED,[],True,False,0,,2,432226.303751676,32,8,7,256,5,32,32,off,HTP0,99,7271718251011484503,13608895423923251057,0.00022625,0.084485938,378.761256104,0.085216615,0.223134062,31.371274906,0.308350833,True
sustained-driver-gate-v1-npu,qwen2.5-coder-1.5b,sustained-helper-gate,sustained,api-20261003T210139Z-UNPLUGGED,[],True,False,0,,3,432226.612373135,32,8,7,256,5,32,32,off,HTP0,99,7271718251011484503,13608895423923251057,0.000203281,0.082643802,387.203870412,0.083030468,0.219825938,31.843376008,0.302856562,True
sustained-driver-gate-v1-npu,qwen2.5-coder-1.5b,sustained-helper-gate,sustained,api-20261003T210139Z-UNPLUGGED,[],True,False,0,,4,432226.915639905,32,8,7,256,5,32,32,off,HTP0,99,7271718251011484503,13608895423923251057,0.000334635,0.082319271,388.730361813,0.082724115,0.216615469,32.31532832,0.299339792,True
sustained-driver-gate-v1-npu,qwen2.5-coder-1.5b,sustained-helper-gate,sustained,api-20261003T210139Z-UNPLUGGED,[],True,False,0,,5,432227.21542027,32,8,7,256,5,32,32,off,HTP0,99,7271718251011484503,13608895423923251057,0.000334375,0.084846927,377.149781748,0.08538401,0.220877917,31.691715021,0.306262135,True
sustained-driver-gate-v1-npu,qwen2.5-coder-1.5b,sustained-helper-gate,sustained,api-20261003T210139Z-UNPLUGGED,[],True,False,0,,6,432227.522283186,32,8,7,256,5,32,32,off,HTP0,99,7271718251011484503,13608895423923251057,0.000497448,0.083169948,384.75435863,0.083595417,0.216214844,32.375205469,0.299810365,True
sustained-driver-gate-v1-npu,qwen2.5-coder-1.5b,sustained-helper-gate,sustained,api-20261003T210139Z-UNPLUGGED,[],True,False,0,,7,432227.82239579,32,8,7,256,5,32,32,off,HTP0,99,7271718251011484503,13608895423923251057,0.000231562,0.081887448,390.780281735,0.082324896,0.220069844,31.808083619,0.302394896,True
sustained-driver-gate-v1-npu,qwen2.5-coder-1.5b,sustained-helper-gate,sustained,api-20261003T210139Z-UNPLUGGED,[],True,False,0,,8,432228.125161259,32,8,7,256,5,32,32,off,HTP0,99,7271718251011484503,13608895423923251057,0.000264167,0.083262917,384.324752879,0.083769427,0.218777292,31.996008068,0.302546875,True
sustained-driver-gate-v1-npu,qwen2.5-coder-1.5b,sustained-helper-gate,sustained,api-20261003T210139Z-UNPLUGGED,[],True,False,0,,9,432228.428143186,32,8,7,256,5,32,32,off,HTP0,99,7271718251011484503,13608895423923251057,0.000350417,0.085223802,375.481957494,0.085593489,0.21812401,32.091836199,0.303717656,True
sustained-driver-gate-v1-npu,qwen2.5-coder-1.5b,sustained-helper-gate,sustained,api-20261003T210139Z-UNPLUGGED,[],True,False,0,,10,432228.732357405,32,8,7,256,5,32,32,off,HTP0,99,7271718251011484503,13608895423923251057,0.000385312,0.083459479,383.419599348,0.08388026,0.216259115,32.368577852,0.300139531,True
sustained-driver-gate-v1-npu,qwen2.5-coder-1.5b,sustained-helper-gate,sustained,api-20261003T210139Z-UNPLUGGED,[],True,False,0,,11,432229.032971467,32,8,7,256,5,32,32,off,HTP0,99,7271718251011484503,13608895423923251057,0.000374792,0.082945625,385.794910823,0.083436614,0.220388907,31.762034193,0.303825729,True
sustained-driver-gate-v1-npu,qwen2.5-coder-1.5b,sustained-helper-gate,sustained,api-20261003T210139Z-UNPLUGGED,[],True,False,0,,12,432229.337248967,32,8,7,256,5,32,32,off,HTP0,99,7271718251011484503,13608895423923251057,0.000343958,0.084348489,379.378461658,0.084839271,0.221344583,31.624898631,0.306184062,True
sustained-driver-gate-v1-npu,qwen2.5-coder-1.5b,sustained-helper-gate,sustained,api-20261003T210139Z-UNPLUGGED,[],True,False,0,,13,432229.643736258,32,8,7,256,5,32,32,off,HTP0,99,7271718251011484503,13608895423923251057,0.00022276,0.086334115,370.653014744,0.086848125,0.217171094,32.232650631,0.304019323,True
sustained-driver-gate-v1-npu,qwen2.5-coder-1.5b,sustained-helper-gate,sustained,api-20261003T210139Z-UNPLUGGED,[],True,False,0,,14,432229.948094019,32,8,7,256,5,32,32,off,HTP0,99,7271718251011484503,13608895423923251057,0.000268334,0.084046979,380.739443353,0.084720677,0.217293489,32.214494931,0.302014375,True
sustained-driver-gate-v1-npu,qwen2.5-coder-1.5b,sustained-helper-gate,sustained,api-20261003T210139Z-UNPLUGGED,[],True,False,0,,15,432230.250500373,32,8,7,256,5,32,32,off,HTP0,99,7271718251011484503,13608895423923251057,0.000301927,0.085610312,373.786746625,0.086411875,0.219883437,31.83504904,0.30629552,True
sustained-driver-gate-v1-npu,qwen2.5-coder-1.5b,sustained-helper-gate,sustained,api-20261003T210139Z-UNPLUGGED,[],True,False,0,,16,432230.557125737,32,8,7,256,5,32,32,off,HTP0,99,7271718251011484503,13608895423923251057,0.000250573,0.083746615,382.104996124,0.084107136,0.219548125,31.883670152,0.303655469,True
sustained-driver-gate-v1-npu,qwen2.5-coder-1.5b,sustained-helper-gate,sustained,api-20261003T210139Z-UNPLUGGED,[],True,False,0,,17,432230.861238498,32,8,7,256,5,32,32,off,HTP0,99,7271718251011484503,13608895423923251057,0.000333385,0.086996042,367.832826234,0.088073021,0.22205599,31.523581057,0.310129219,True
sustained-driver-gate-v1-npu,qwen2.5-coder-1.5b,sustained-helper-gate,sustained,api-20261003T210139Z-UNPLUGGED,[],True,False,0,,18,432231.171808029,32,8,7,256,5,32,32,off,HTP0,99,7271718251011484503,13608895423923251057,0.000329323,0.083850312,381.632449978,0.084719739,0.221906979,31.544749208,0.306627135,True
sustained-driver-gate-v1-npu,qwen2.5-coder-1.5b,sustained-helper-gate,sustained,api-20261003T210139Z-UNPLUGGED,[],True,False,0,,19,432231.478880581,32,8,7,256,5,32,32,off,HTP0,99,7271718251011484503,13608895423923251057,0.000337604,0.085905624,372.501805004,0.086928749,0.217715573,32.152040865,0.304644531,True
sustained-driver-gate-v1-npu,qwen2.5-coder-1.5b,sustained-helper-gate,sustained,api-20261003T210139Z-UNPLUGGED,[],True,False,0,,20,432231.783860112,32,8,7,256,5,32,32,off,HTP0,99,7271718251011484503,13608895423923251057,0.000255417,0.082229791,389.15336657,0.082901145,0.220903697,31.688016521,0.303805052,True
sustained-driver-gate-v1-npu,qwen2.5-coder-1.5b,sustained-helper-gate,sustained,api-20261003T210139Z-UNPLUGGED,[],True,False,0,,21,432232.088179643,32,8,7,256,5,32,32,off,HTP0,99,7271718251011484503,13608895423923251057,0.000411615,0.085951875,372.3013605,0.086573698,0.218805521,31.991880132,0.305379427,True
sustained-driver-gate-v1-npu,qwen2.5-coder-1.5b,sustained-helper-gate,sustained,api-20261003T210139Z-UNPLUGGED,[],True,False,0,,22,432232.393881414,32,8,7,256,5,32,32,off,HTP0,99,7271718251011484503,13608895423923251057,0.000236458,0.084622447,378.150256043,0.085352552,0.220927187,31.684647304,0.306279895,True
sustained-driver-gate-v1-npu,qwen2.5-coder-1.5b,sustained-helper-gate,sustained,api-20261003T210139Z-UNPLUGGED,[],True,False,0,,23,432232.70044907,32,8,7,256,5,32,32,off,HTP0,99,7271718251011484503,13608895423923251057,0.000219896,0.081644739,391.941971913,0.08218026,0.216845208,32.281091496,0.299025625,True
sustained-driver-gate-v1-npu,qwen2.5-coder-1.5b,sustained-helper-gate,sustained,api-20261003T210139Z-UNPLUGGED,[],True,False,0,,24,432233.000216674,32,8,7,256,5,32,32,off,HTP0,99,7271718251011484503,13608895423923251057,0.000607031,0.084443906,378.949784725,0.084857968,0.221094948,31.660605832,0.30595302,True
sustained-driver-gate-v1-npu,qwen2.5-coder-1.5b,sustained-helper-gate,sustained,api-20261003T210139Z-UNPLUGGED,[],True,False,0,,25,432233.306476882,32,8,7,256,5,32,32,off,HTP0,99,7271718251011484503,13608895423923251057,0.000225156,0.083310156,384.106830865,0.083909062,0.219837812,31.841656066,0.303747031,True
sustained-driver-gate-v1-npu,qwen2.5-coder-1.5b,sustained-helper-gate,sustained,api-20261003T210139Z-UNPLUGGED,[],True,False,0,,26,432233.610693861,32,8,7,256,5,32,32,off,HTP0,99,7271718251011484503,13608895423923251057,0.000351302,0.085463021,374.430948328,0.085975156,0.219795365,31.847805344,0.305770677,True
sustained-driver-gate-v1-npu,qwen2.5-coder-1.5b,sustained-helper-gate,sustained,api-20261003T210139Z-UNPLUGGED,[],True,False,0,,27,432233.916790788,32,8,7,256,5,32,32,off,HTP0,99,7271718251011484503,13608895423923251057,0.000243906,0.082792448,386.508682531,0.083449219,0.215459635,32.488684017,0.298909062,True
sustained-driver-gate-v1-npu,qwen2.5-coder-1.5b,sustained-helper-gate,sustained,api-20261003T210139Z-UNPLUGGED,[],True,False,0,,28,432234.216163132,32,8,7,256,5,32,32,off,HTP0,99,7271718251011484503,13608895423923251057,0.00037302,0.082610885,387.358155042,0.083189635,0.21962276,31.872835038,0.302812604,True
sustained-driver-gate-v1-npu,qwen2.5-coder-1.5b,sustained-helper-gate,sustained,api-20261003T210139Z-UNPLUGGED,[],True,False,0,,29,432234.519645788,32,8,7,256,5,32,32,off,HTP0,99,7271718251011484503,13608895423923251057,0.000546042,0.086032395,371.952913783,0.086946145,0.226814635,30.862206048,0.313760989,True
sustained-driver-gate-v1-npu,qwen2.5-coder-1.5b,sustained-helper-gate,sustained,api-20261003T210139Z-UNPLUGGED,[],True,False,0,,30,432234.833753704,32,8,7,256,5,32,32,off,HTP0,99,7271718251011484503,13608895423923251057,0.000275885,0.082752396,386.695751988,0.083191771,0.221199844,31.645591938,0.304391719,True
sustained-driver-gate-v1-npu,qwen2.5-coder-1.5b,sustained-helper-gate,sustained,api-20261003T210139Z-UNPLUGGED,[],True,False,0,,31,432235.1384811,32,8,7,256,5,32,32,off,HTP0,99,7271718251011484503,13608895423923251057,0.000253386,0.084776927,377.461192949,0.085280625,0.220070469,31.807993284,0.305351302,True
sustained-driver-gate-v1-npu,qwen2.5-coder-1.5b,sustained-helper-gate,sustained,api-20261003T210139Z-UNPLUGGED,[],True,False,0,,32,432235.444476933,32,8,7,256,5,32,32,off,HTP0,99,7271718251011484503,13608895423923251057,0.000515208,0.085718698,373.314116367,0.086173386,0.218132604,32.090571843,0.304306198,True
