id,model,group,mode,power_epoch,validation_issues,passes_current_run_checks,diagnostic_timing,exit_code,abort_reason,request_start_monotonic_s,switch_start_monotonic_s,shadow,prompt,generation,decode_steps,context,actual_context,threads,batch,ubatch,prefill_ngl,prompt_token_hash,initialization_s,prefill_s,prefill_tok_s,ttft_s,handoff_ms,handoff_weights_ms,handoff_kv_ms,handoff_scheduler_ms,first_decode_s,decode_s,decode_tok_s,total_response_s,weight_copy_bytes,cpu_shadow_weight_bytes,kv_copy_bytes,gpu_weight_bytes_released,same_model_and_cache,positions_preserved,all_logits_finite,validation_run,top1_agreements,logit_RMSE,max_abs_logit_error,mean_KL,output_tokens
cpu-large-current-api-20261003T084838Z-PLUGGED_AC-large-cpu-screen-v1-qwen2.5-coder-7b-p2048-g128-faoff-t4,qwen2.5-coder-7b,large-prompt-CPU-tuning,cpu,api-20261003T084838Z-PLUGGED_AC,[],True,False,0,,396941.483630449,397054.510344781,mmap,2048,128,127,4096,4096,4,512,256,0,4092360965812582743,7.191798591,112.863648446,18.145789439,112.86443704,0.0,0.0,0.0,0.0,0.175347708,25.588985094,4.96307296,138.728178228,0,0,0,0,True,True,True,False,0,0.0,0.0,0.0,"[982,262,470,264,488,293,198,2,81917,279,1102,15516,624,750,912,2877,11,293,982,262,470,264,488,293,198,2,81917,279,1102,15516,624,750,912,2877,11,293,982,262,470,264,488,293,198,2,81917,279,1102,15516,624,750,912,2877,11,293,982,262,470,264,488,293,198,2,81917,279,1102,15516,624,750,912,2877,11,293,982,262,470,264,488,293,198,2,81917,279,1102,15516,624,750,912,2877,11,293,982,262,470,264,488,293,198,2,81917,279,1102,15516,624,750,912,2877,11,293,982,262,470,264,488,293,198,2,81917,279,1102,15516,624,750,912,2877,11,293,982,262]"
cpu-large-current-api-20261003T084838Z-PLUGGED_AC-large-cpu-screen-v1-qwen2.5-coder-7b-p2048-g128-faoff-t5,qwen2.5-coder-7b,large-prompt-CPU-tuning,cpu,api-20261003T084838Z-PLUGGED_AC,[],True,False,0,,402656.733783738,402768.003648226,mmap,2048,128,127,4096,4096,5,512,256,0,4092360965812582743,5.663410102,111.068147041,18.439129981,111.069136677,0.0,0.0,0.0,0.0,0.168303021,21.657230773,5.86409229,133.042082971,0,0,0,0,True,True,True,False,0,0.0,0.0,0.0,"[982,262,470,264,488,293,198,2,81917,279,1102,15516,624,750,912,2877,11,293,982,262,470,264,488,293,198,2,81917,279,1102,15516,624,750,912,2877,11,293,982,262,470,264,488,293,198,2,81917,279,1102,15516,624,750,912,2877,11,293,982,262,470,264,488,293,198,2,81917,279,1102,15516,624,750,912,2877,11,293,982,262,470,264,488,293,198,2,81917,279,1102,15516,624,750,912,2877,11,293,982,262,470,264,488,293,198,2,81917,279,1102,15516,624,750,912,2877,11,293,982,262,470,264,488,293,198,2,81917,279,1102,15516,624,750,912,2877,11,293,982,262]"
cpu-large-current-api-20261003T084838Z-PLUGGED_AC-large-cpu-screen-v1-qwen2.5-coder-7b-p2048-g128-faoff-t6,qwen2.5-coder-7b,large-prompt-CPU-tuning,cpu,api-20261003T084838Z-PLUGGED_AC,[],True,False,0,,397853.747128955,397961.28445355,mmap,2048,128,127,4096,4096,6,512,256,0,4092360965812582743,6.702331664,107.381609542,19.072167094,107.38257298,0.0,0.0,0.0,0.0,0.154578333,22.138606554,5.736585078,129.797866461,0,0,0,0,True,True,True,False,0,0.0,0.0,0.0,"[982,262,470,264,488,293,198,2,81917,279,1102,15516,624,750,912,2877,11,293,982,262,470,264,488,293,198,2,81917,279,1102,15516,624,750,912,2877,11,293,982,262,470,264,488,293,198,2,81917,279,1102,15516,624,750,912,2877,11,293,982,262,470,264,488,293,198,2,81917,279,1102,15516,624,750,912,2877,11,293,982,262,470,264,488,293,198,2,81917,279,1102,15516,624,750,912,2877,11,293,982,262,470,264,488,293,198,2,81917,279,1102,15516,624,750,912,2877,11,293,982,262,470,264,488,293,198,2,81917,279,1102,15516,624,750,912,2877,11,293,982,262]"
cpu-large-current-api-20261003T084838Z-PLUGGED_AC-large-cpu-screen-v1-qwen2.5-coder-7b-p2048-g128-faon-t4,qwen2.5-coder-7b,large-prompt-CPU-tuning,cpu,api-20261003T084838Z-PLUGGED_AC,[],True,False,0,,398059.715323564,398208.658107049,mmap,2048,128,127,4096,4096,4,512,256,0,4092360965812582743,6.237503956,148.834175829,13.76028045,148.83510687,0.0,0.0,0.0,0.0,0.20982224,27.020891031,4.700067065,176.071386183,0,0,0,0,True,True,True,False,0,0.0,0.0,0.0,"[982,262,470,264,488,293,198,2,81917,279,1102,15516,624,750,912,2877,11,293,982,262,470,264,488,293,198,2,81917,279,1102,15516,624,750,912,2877,11,293,982,262,470,264,488,293,198,2,81917,279,1102,15516,624,750,912,2877,11,293,982,262,470,264,488,293,198,2,81917,279,1102,15516,624,750,912,2877,11,293,982,262,470,264,488,293,198,2,81917,279,1102,15516,624,750,912,2877,11,293,982,262,470,264,488,293,198,2,81917,279,1102,15516,624,750,912,2877,11,293,982,262,470,264,488,293,198,2,81917,279,1102,15516,624,750,912,2877,11,293,982,262]"
cpu-large-current-api-20261003T084838Z-PLUGGED_AC-large-cpu-screen-v1-qwen2.5-coder-7b-p2048-g128-faon-t6,qwen2.5-coder-7b,large-prompt-CPU-tuning,cpu,api-20261003T084838Z-PLUGGED_AC,[],True,False,0,,399133.353319977,399296.876508561,mmap,2048,128,127,4096,4096,6,512,256,0,4092360965812582743,7.389894529,163.363307126,12.536474904,163.379416709,0.0,0.0,0.0,0.0,0.148504323,19.636255566,6.467628188,183.261789514,0,0,0,0,True,True,True,False,0,0.0,0.0,0.0,"[982,262,470,264,488,293,198,2,81917,279,1102,15516,624,750,912,2877,11,293,982,262,470,264,488,293,198,2,81917,279,1102,15516,624,750,912,2877,11,293,982,262,470,264,488,293,198,2,81917,279,1102,15516,624,750,912,2877,11,293,982,262,470,264,488,293,198,2,81917,279,1102,15516,624,750,912,2877,11,293,982,262,470,264,488,293,198,2,81917,279,1102,15516,624,750,912,2877,11,293,982,262,470,264,488,293,198,2,81917,279,1102,15516,624,750,912,2877,11,293,982,262,470,264,488,293,198,2,81917,279,1102,15516,624,750,912,2877,11,293,982,262]"
cpu-large-current-api-20261003T084838Z-PLUGGED_AC-large-cpu-screen-v1-qwen3-4b-instruct-p2048-g128-faoff-t4,qwen3-4b-instruct,large-prompt-CPU-tuning,cpu,api-20261003T084838Z-PLUGGED_AC,[],True,False,0,,393946.393139508,394036.751754786,mmap,2048,128,127,4096,4096,4,512,256,0,4092360965812582743,3.019157759,90.197861841,22.705638007,90.198848664,0.0,0.0,0.0,0.0,0.144072396,18.214883587,6.972320157,108.693969646,0,0,0,0,True,True,True,False,0,0.0,0.0,0.0,"[982,262,470,264,488,293,198,2,81917,279,1102,15516,624,750,912,2877,11,293,982,262,470,264,488,293,198,2,81917,279,1102,15516,624,750,912,2877,11,293,982,262,470,264,488,293,198,2,81917,279,1102,15516,624,750,912,2877,11,293,982,262,470,264,488,293,198,2,81917,279,1102,15516,624,750,912,2877,11,293,982,262,470,264,488,293,198,2,81917,279,1102,15516,624,750,912,2877,11,293,982,262,470,264,488,293,198,2,81917,279,1102,15516,624,750,912,2877,11,293,982,262,470,264,488,293,198,2,81917,279,1102,15516,624,750,912,2877,11,293,982,262]"
cpu-large-current-api-20261003T084838Z-PLUGGED_AC-large-cpu-screen-v1-qwen3-4b-instruct-p2048-g128-faoff-t5,qwen3-4b-instruct,large-prompt-CPU-tuning,cpu,api-20261003T084838Z-PLUGGED_AC,[],True,False,0,,400197.057548686,400270.6054747,mmap,2048,128,127,4096,4096,5,512,256,0,4092360965812582743,2.036292395,73.406939555,27.899269639,73.407907733,0.0,0.0,0.0,0.0,0.123497292,15.687271557,8.095735421,89.360969758,0,0,0,0,True,True,True,False,0,0.0,0.0,0.0,"[982,262,470,264,488,293,198,2,81917,279,1102,15516,624,750,912,2877,11,293,982,262,470,264,488,293,198,2,81917,279,1102,15516,624,750,912,2877,11,293,982,262,470,264,488,293,198,2,81917,279,1102,15516,624,750,912,2877,11,293,982,262,470,264,488,293,198,2,81917,279,1102,15516,624,750,912,2877,11,293,982,262,470,264,488,293,198,2,81917,279,1102,15516,624,750,912,2877,11,293,982,262,470,264,488,293,198,2,81917,279,1102,15516,624,750,912,2877,11,293,982,262,470,264,488,293,198,2,81917,279,1102,15516,624,750,912,2877,11,293,982,262]"
cpu-large-current-api-20261003T084838Z-PLUGGED_AC-large-cpu-screen-v1-qwen3-4b-instruct-p2048-g128-faoff-t6,qwen3-4b-instruct,large-prompt-CPU-tuning,cpu,api-20261003T084838Z-PLUGGED_AC,[],True,False,0,,394723.400080045,394779.283489816,mmap,2048,128,127,4096,4096,6,512,256,0,4092360965812582743,3.039879061,55.740634875,36.741598021,55.74148826,0.0,0.0,0.0,0.0,0.117863073,13.985288328,9.080971162,69.985460494,0,0,0,0,True,True,True,False,0,0.0,0.0,0.0,"[982,262,470,264,488,293,198,2,81917,279,1102,15516,624,750,912,2877,11,293,982,262,470,264,488,293,198,2,81917,279,1102,15516,624,750,912,2877,11,293,982,262,470,264,488,293,198,2,81917,279,1102,15516,624,750,912,2877,11,293,982,262,470,264,488,293,198,2,81917,279,1102,15516,624,750,912,2877,11,293,982,262,470,264,488,293,198,2,81917,279,1102,15516,624,750,912,2877,11,293,982,262,470,264,488,293,198,2,81917,279,1102,15516,624,750,912,2877,11,293,982,262,470,264,488,293,198,2,81917,279,1102,15516,624,750,912,2877,11,293,982,262]"
cpu-large-current-api-20261003T084838Z-PLUGGED_AC-large-cpu-screen-v1-qwen3-4b-instruct-p2048-g128-faon-t4,qwen3-4b-instruct,large-prompt-CPU-tuning,cpu,api-20261003T084838Z-PLUGGED_AC,[],True,False,0,,395459.625965337,395526.633844635,mmap,2048,128,127,4096,4096,4,512,256,0,4092360965812582743,3.610271978,66.849885912,30.635803967,66.850541068,0.0,0.0,0.0,0.0,0.121708854,16.405467129,7.74132178,83.532282624,0,0,0,0,True,True,True,False,0,0.0,0.0,0.0,"[982,262,470,264,488,293,198,2,81917,279,1102,15516,624,750,912,2877,11,293,982,262,470,264,488,293,198,2,81917,279,1102,15516,624,750,912,2877,11,293,982,262,470,264,488,293,198,2,81917,279,1102,15516,624,750,912,2877,11,293,982,262,470,264,488,293,198,2,81917,279,1102,15516,624,750,912,2877,11,293,982,262,470,264,488,293,198,2,81917,279,1102,15516,624,750,912,2877,11,293,982,262,470,264,488,293,198,2,81917,279,1102,15516,624,750,912,2877,11,293,982,262,470,264,488,293,198,2,81917,279,1102,15516,624,750,912,2877,11,293,982,262]"
cpu-large-current-api-20261003T084838Z-PLUGGED_AC-large-cpu-screen-v1-qwen3-4b-instruct-p2048-g128-faon-t5,qwen3-4b-instruct,large-prompt-CPU-tuning,cpu,api-20261003T084838Z-PLUGGED_AC,[],True,False,0,,401420.674648897,401498.6665697,mmap,2048,128,127,4096,4096,5,512,256,0,4092360965812582743,3.183429426,77.754074085,26.33945583,77.7549082,0.0,0.0,0.0,0.0,0.14713526,16.60851541,7.646679843,94.695458871,0,0,0,0,True,True,True,False,0,0.0,0.0,0.0,"[982,262,470,264,488,293,198,2,81917,279,1102,15516,624,750,912,2877,11,293,982,262,470,264,488,293,198,2,81917,279,1102,15516,624,750,912,2877,11,293,982,262,470,264,488,293,198,2,81917,279,1102,15516,624,750,912,2877,11,293,982,262,470,264,488,293,198,2,81917,279,1102,15516,624,750,912,2877,11,293,982,262,470,264,488,293,198,2,81917,279,1102,15516,624,750,912,2877,11,293,982,262,470,264,488,293,198,2,81917,279,1102,15516,624,750,912,2877,11,293,982,262,470,264,488,293,198,2,81917,279,1102,15516,624,750,912,2877,11,293,982,262]"
cpu-large-current-api-20261003T084838Z-PLUGGED_AC-large-cpu-screen-v1-qwen3-4b-instruct-p2048-g128-faon-t6,qwen3-4b-instruct,large-prompt-CPU-tuning,cpu,api-20261003T084838Z-PLUGGED_AC,[],True,False,0,,396194.667134328,396253.309622639,mmap,2048,128,127,4096,4096,6,512,256,0,4092360965812582743,3.387116249,58.498307061,35.009560155,58.499117009,0.0,0.0,0.0,0.0,0.107762917,14.44811687,8.790072862,73.216836327,0,0,0,0,True,True,True,False,0,0.0,0.0,0.0,"[982,262,470,264,488,293,198,2,81917,279,1102,15516,624,750,912,2877,11,293,982,262,470,264,488,293,198,2,81917,279,1102,15516,624,750,912,2877,11,293,982,262,470,264,488,293,198,2,81917,279,1102,15516,624,750,912,2877,11,293,982,262,470,264,488,293,198,2,81917,279,1102,15516,624,750,912,2877,11,293,982,262,470,264,488,293,198,2,81917,279,1102,15516,624,750,912,2877,11,293,982,262,470,264,488,293,198,2,81917,279,1102,15516,624,750,912,2877,11,293,982,262,470,264,488,293,198,2,81917,279,1102,15516,624,750,912,2877,11,293,982,262]"
cpu-large-current-api-20261003T193303Z-PLUGGED_AC-large-cpu-screen-v1-qwen3-4b-instruct-p2048-g128-faoff-t4,qwen3-4b-instruct,large-prompt-CPU-tuning,cpu,api-20261003T193303Z-PLUGGED_AC,[],True,False,0,,420280.614363421,420424.135999668,mmap,2048,128,127,4096,4096,4,512,256,0,4092360965812582743,5.462405779,143.334227601,14.288282947,143.428870518,0.0,0.0,0.0,0.0,0.176847761,19.654736503,6.461546812,163.232244937,0,0,0,0,True,True,True,False,0,0.0,0.0,0.0,"[982,262,470,264,488,293,198,2,81917,279,1102,15516,624,750,912,2877,11,293,982,262,470,264,488,293,198,2,81917,279,1102,15516,624,750,912,2877,11,293,982,262,470,264,488,293,198,2,81917,279,1102,15516,624,750,912,2877,11,293,982,262,470,264,488,293,198,2,81917,279,1102,15516,624,750,912,2877,11,293,982,262,470,264,488,293,198,2,81917,279,1102,15516,624,750,912,2877,11,293,982,262,470,264,488,293,198,2,81917,279,1102,15516,624,750,912,2877,11,293,982,262,470,264,488,293,198,2,81917,279,1102,15516,624,750,912,2877,11,293,982,262]"
cpu-large-current-api-20261003T193303Z-PLUGGED_AC-large-cpu-screen-v1-qwen3-4b-instruct-p2048-g128-faoff-t6,qwen3-4b-instruct,large-prompt-CPU-tuning,cpu,api-20261003T193303Z-PLUGGED_AC,[],True,False,0,,420495.734101828,420572.936295861,mmap,2048,128,127,4096,4096,6,512,256,0,4092360965812582743,4.944949009,76.98767695,26.601659917,76.988949138,0.0,0.0,0.0,0.0,0.364328645,32.763530977,3.876261081,110.035171,0,0,0,0,True,True,True,False,0,0.0,0.0,0.0,"[982,262,470,264,488,293,198,2,81917,279,1102,15516,624,750,912,2877,11,293,982,262,470,264,488,293,198,2,81917,279,1102,15516,624,750,912,2877,11,293,982,262,470,264,488,293,198,2,81917,279,1102,15516,624,750,912,2877,11,293,982,262,470,264,488,293,198,2,81917,279,1102,15516,624,750,912,2877,11,293,982,262,470,264,488,293,198,2,81917,279,1102,15516,624,750,912,2877,11,293,982,262,470,264,488,293,198,2,81917,279,1102,15516,624,750,912,2877,11,293,982,262,470,264,488,293,198,2,81917,279,1102,15516,624,750,912,2877,11,293,982,262]"
cpu-large-current-api-20261003T193303Z-PLUGGED_AC-large-cpu-screen-v1-qwen3-4b-instruct-p2048-g128-faon-t4,qwen3-4b-instruct,large-prompt-CPU-tuning,cpu,api-20261003T193303Z-PLUGGED_AC,[],True,False,0,,420863.63485924,420996.471811325,mmap,2048,128,127,4096,4096,4,512,256,0,4092360965812582743,3.804942081,132.734108699,15.429342315,132.735058491,0.0,0.0,0.0,0.0,0.17127724,20.52150994,6.188628438,153.451462598,0,0,0,0,True,True,True,False,0,0.0,0.0,0.0,"[982,262,470,264,488,293,198,2,81917,279,1102,15516,624,750,912,2877,11,293,982,262,470,264,488,293,198,2,81917,279,1102,15516,624,750,912,2877,11,293,982,262,470,264,488,293,198,2,81917,279,1102,15516,624,750,912,2877,11,293,982,262,470,264,488,293,198,2,81917,279,1102,15516,624,750,912,2877,11,293,982,262,470,264,488,293,198,2,81917,279,1102,15516,624,750,912,2877,11,293,982,262,470,264,488,293,198,2,81917,279,1102,15516,624,750,912,2877,11,293,982,262,470,264,488,293,198,2,81917,279,1102,15516,624,750,912,2877,11,293,982,262]"
cpu-large-current-api-20261003T193303Z-PLUGGED_AC-large-cpu-screen-v1-qwen3-4b-instruct-p2048-g128-faon-t6,qwen3-4b-instruct,large-prompt-CPU-tuning,cpu,api-20261003T193303Z-PLUGGED_AC,[],True,False,0,,421179.665146672,421314.618888443,mmap,2048,128,127,4096,4096,6,512,256,0,4092360965812582743,3.491721249,134.715906042,15.202362217,134.716801563,0.0,0.0,0.0,0.0,0.167841406,24.608893115,5.160735975,159.623185928,0,0,0,0,True,True,True,False,0,0.0,0.0,0.0,"[982,262,470,264,488,293,198,2,81917,279,1102,15516,624,750,912,2877,11,293,982,262,470,264,488,293,198,2,81917,279,1102,15516,624,750,912,2877,11,293,982,262,470,264,488,293,198,2,81917,279,1102,15516,624,750,912,2877,11,293,982,262,470,264,488,293,198,2,81917,279,1102,15516,624,750,912,2877,11,293,982,262,470,264,488,293,198,2,81917,279,1102,15516,624,750,912,2877,11,293,982,262,470,264,488,293,198,2,81917,279,1102,15516,624,750,912,2877,11,293,982,262,470,264,488,293,198,2,81917,279,1102,15516,624,750,912,2877,11,293,982,262]"
handoff-cpu-resident-quality-qwen2.5-coder-1.5b,qwen2.5-coder-1.5b,hybrid-quality,hybrid,charging-03,[],True,True,0,,371125.807026859,371128.918834098,mmap,128,32,31,512,512,4,128,128,0,8374067816799326716,0.82685177,3.063216353,41.786144121,3.072895728,7.802,0.016,0.023,4.128,0.04109474,1.249287656,24.814140964,4.408557603,0,0,0,0,True,True,True,True,32,0.086497545,0.667570591,1.9015e-05,"[198,2,81917,279,1102,15516,624,750,912,2877,11,293,982,262,470,264,488,293,198,2,81917,279,1102,15516,624,750,912,2877,11,293,982,262]"
handoff-cpu-resident-quality-qwen2.5-coder-1.5b-views-v2,qwen2.5-coder-1.5b,hybrid-quality,hybrid,unplugged-04,[],True,True,0,,373473.484685339,373476.509038307,mmap,128,32,31,512,512,4,128,128,0,8374067816799326716,0.770227708,2.99715927,42.707106453,3.007285415,7.747,0.012,0.019,3.992,0.0407625,1.23689375,25.062783283,4.286804686,0,0,0,0,True,True,True,True,32,0.086497545,0.667570591,1.9015e-05,"[198,2,81917,279,1102,15516,624,750,912,2877,11,293,982,262,470,264,488,293,198,2,81917,279,1102,15516,624,750,912,2877,11,293,982,262]"
handoff-cpu-resident-quality-qwen2.5-coder-7b-native-fault-v1,qwen2.5-coder-7b,hybrid-quality,hybrid,charging-03,[],True,True,0,,372198.870867075,372219.891590817,mmap,128,32,31,512,512,4,128,128,0,8374067816799326716,2.566137916,20.8926452,6.126557876,20.903496398,21.612,0.023,0.043,5.932,0.183060989,6.367809164,4.868236343,27.519742281,0,0,0,0,True,True,True,True,32,0.086736577,1.520802736,1.8486e-05,"[198,2,81917,279,1102,15516,624,750,912,2877,11,293,982,262,470,264,488,293,198,2,81917,279,1102,15516,624,750,912,2877,11,293,982,262]"
handoff-cpu-resident-quality-qwen2.5-coder-7b-views-v2,qwen2.5-coder-7b,hybrid-quality,hybrid,unplugged-04,[],True,True,0,,373973.822221867,373988.84943608,mmap,128,32,31,512,512,4,128,128,0,8374067816799326716,1.619848749,14.921298068,8.57834214,14.930399682,47.601,0.019,0.04,4.574,0.13263224,4.584798384,6.761475076,19.745888118,0,0,0,0,True,True,True,True,32,0.086736577,1.520802736,1.8486e-05,"[198,2,81917,279,1102,15516,624,750,912,2877,11,293,982,262,470,264,488,293,198,2,81917,279,1102,15516,624,750,912,2877,11,293,982,262]"
handoff-cpu-resident-quality-qwen3-4b-instruct-views-v2,qwen3-4b-instruct,hybrid-quality,hybrid,unplugged-04,[],True,True,0,,373721.588607692,373729.292410814,mmap,128,32,31,512,512,4,128,128,0,8374067816799326716,1.28362776,7.659102758,16.712140318,7.667305883,8.835,0.014,0.018,4.612,0.081271146,2.591123905,11.963920344,10.340647548,0,0,0,0,True,True,True,True,32,0.656245406,15.316532135,9.3681e-05,"[198,2,81917,279,1102,15516,624,750,912,2877,11,293,982,262,470,264,488,293,198,2,81917,279,1102,15516,624,750,912,2877,11,293,982,262]"
handoff-latency-qwen3-4b-instruct-p128-g64-cpu-r0,qwen3-4b-instruct,hybrid-latency,cpu,charging-03,[],True,False,0,,371332.00111777,371334.421946936,mmap,128,64,63,512,512,5,512,256,0,8374067816799326716,2.485735676,2.33999427,54.700988648,2.340520052,0.0,0.0,0.0,0.0,0.067129115,4.558190623,13.821273661,7.058248696,0,0,0,0,True,True,True,False,0,0.0,0.0,0.0,"[198,2,81917,279,1102,15516,624,750,912,2877,11,293,982,262,470,264,488,293,198,2,81917,279,1102,15516,624,750,912,2877,11,293,982,262,470,264,488,293,198,2,81917,279,1102,15516,624,750,912,2877,11,198,286,293,982,262,470,264,488,293,198,2,81917,279,1102,15516,624,750]"
handoff-latency-qwen3-4b-instruct-p128-g64-gpu-r0,qwen3-4b-instruct,hybrid-latency,gpu,charging-03,[],True,False,0,,371477.494274642,371481.759863807,mmap,128,64,63,512,512,5,512,256,99,8374067816799326716,6.057855623,4.248279113,30.129847073,4.248873488,0.0,0.0,0.0,0.0,0.154954792,9.851700205,6.394835276,14.132516349,0,0,0,0,True,True,True,False,0,0.0,0.0,0.0,"[198,2,81917,279,1102,15516,624,750,912,2877,11,293,982,262,470,264,488,293,198,2,81917,279,1102,15516,624,750,912,2877,11,293,982,262,470,264,488,293,198,2,81917,279,1102,15516,624,750,912,2877,11,198,286,293,982,262,470,264,488,293,198,2,81917,279,1102,15516,624,750]"
handoff-latency-unplugged-04-qwen2.5-coder-7b-p128-g64-cpu-r0,qwen2.5-coder-7b,hybrid-latency,cpu,api-20261003T084838Z-PLUGGED_AC,[],True,False,0,,386728.928938199,386733.765856791,mmap,128,64,63,512,512,5,512,256,0,8374067816799326716,7.474954581,4.680234529,27.349056806,4.680835467,0.0,0.0,0.0,0.0,0.109613177,8.424665153,7.478042018,13.389224578,0,0,0,0,True,True,True,False,0,0.0,0.0,0.0,"[198,2,81917,279,1102,15516,624,750,912,2877,11,293,982,262,470,264,488,293,198,2,81917,279,1102,15516,624,750,912,2877,11,293,982,262,470,264,488,293,198,2,81917,279,1102,15516,624,750,912,2877,11,293,982,262,470,264,488,293,198,2,81917,279,1102,15516,624,750,912,2877]"
handoff-latency-unplugged-04-qwen2.5-coder-7b-p128-g64-cpu-r1,qwen2.5-coder-7b,hybrid-latency,cpu,api-20261003T084838Z-PLUGGED_AC,[],True,False,0,,387115.622367166,387120.325250446,mmap,128,64,63,512,512,5,512,256,0,8374067816799326716,6.510572862,4.497330623,28.461327558,4.550429165,0.0,0.0,0.0,0.0,0.11074099,8.080961612,7.796101878,12.890235516,0,0,0,0,True,True,True,False,0,0.0,0.0,0.0,"[198,2,81917,279,1102,15516,624,750,912,2877,11,293,982,262,470,264,488,293,198,2,81917,279,1102,15516,624,750,912,2877,11,293,982,262,470,264,488,293,198,2,81917,279,1102,15516,624,750,912,2877,11,293,982,262,470,264,488,293,198,2,81917,279,1102,15516,624,750,912,2877]"
handoff-latency-unplugged-04-qwen2.5-coder-7b-p128-g64-gpu-r0,qwen2.5-coder-7b,hybrid-latency,gpu,api-20261003T084838Z-PLUGGED_AC,[],True,False,0,,386819.664889466,386826.929328318,mmap,128,64,63,512,512,5,512,256,99,8374067816799326716,12.239996245,7.254189528,17.644975983,7.254749372,0.0,0.0,0.0,0.0,0.215505677,14.809168952,4.254121227,22.081907335,0,0,0,0,True,True,True,False,0,0.0,0.0,0.0,"[198,2,81917,279,1102,15516,624,750,912,2877,11,293,982,262,470,264,488,293,198,2,81917,279,1102,15516,624,750,912,2877,11,293,982,262,470,264,488,293,198,2,81917,279,1102,15516,624,750,912,2877,11,293,982,262,470,264,488,293,198,2,81917,279,1102,15516,624,750,912,2877]"
handoff-latency-unplugged-04-qwen2.5-coder-7b-p128-g64-gpu-r1,qwen2.5-coder-7b,hybrid-latency,gpu,api-20261003T084838Z-PLUGGED_AC,[],True,False,0,,387043.707134277,387051.016143701,mmap,128,64,63,512,512,5,512,256,99,8374067816799326716,12.389046401,7.298333851,17.538249498,7.298895101,0.0,0.0,0.0,0.0,0.204383281,14.517373901,4.339627844,21.831782908,0,0,0,0,True,True,True,False,0,0.0,0.0,0.0,"[198,2,81917,279,1102,15516,624,750,912,2877,11,293,982,262,470,264,488,293,198,2,81917,279,1102,15516,624,750,912,2877,11,293,982,262,470,264,488,293,198,2,81917,279,1102,15516,624,750,912,2877,11,293,982,262,470,264,488,293,198,2,81917,279,1102,15516,624,750,912,2877]"
handoff-latency-unplugged-04-qwen2.5-coder-7b-p128-g64-hybrid-r0,qwen2.5-coder-7b,hybrid-latency,hybrid,api-20261003T084838Z-PLUGGED_AC,[],True,False,0,,386899.843156571,386907.170666777,mmap,128,64,63,512,512,5,512,256,99,8374067816799326716,13.678643744,7.263223852,17.62302837,7.263803227,338.468,313.227,15.791,2.924,0.879950312,8.151534216,7.72860646,15.882061713,0,3923490816,29360128,3923591168,True,True,True,False,0,0.0,0.0,0.0,"[198,2,81917,279,1102,15516,624,750,912,2877,11,293,982,262,470,264,488,293,198,2,81917,279,1102,15516,624,750,912,2877,11,293,982,262,470,264,488,293,198,2,81917,279,1102,15516,624,750,912,2877,11,293,982,262,470,264,488,293,198,2,81917,279,1102,15516,624,750,912,2877]"
handoff-latency-unplugged-04-qwen2.5-coder-7b-p128-g64-hybrid-r1,qwen2.5-coder-7b,hybrid-latency,hybrid,api-20261003T084838Z-PLUGGED_AC,[],True,False,0,,386971.598504669,386978.946228833,mmap,128,64,63,512,512,5,512,256,99,8374067816799326716,11.850671558,7.272149528,17.601398253,7.272762862,373.997,349.186,15.519,2.921,0.5150425,7.56802406,8.324497848,15.356945567,0,3923490816,29360128,3923591168,True,True,True,False,0,0.0,0.0,0.0,"[198,2,81917,279,1102,15516,624,750,912,2877,11,293,982,262,470,264,488,293,198,2,81917,279,1102,15516,624,750,912,2877,11,293,982,262,470,264,488,293,198,2,81917,279,1102,15516,624,750,912,2877,11,293,982,262,470,264,488,293,198,2,81917,279,1102,15516,624,750,912,2877]"
handoff-latency-unplugged-04-qwen2.5-coder-7b-p2048-g128-cpu-FA-canonical-r0,qwen2.5-coder-7b,hybrid-CPU-layout-control,cpu,api-20261003T084838Z-PLUGGED_AC,[],True,False,0,,385129.404537976,385433.888436401,mmap,2048,128,127,4096,4096,5,512,256,0,4092360965812582743,2.957965468,304.176180821,6.732940083,304.177062019,0.0,0.0,0.0,0.0,0.182683907,25.020340408,5.075870189,329.631133989,0,0,0,0,True,True,True,False,0,0.0,0.0,0.0,"[982,262,470,264,488,293,198,2,81917,279,1102,15516,624,750,912,2877,11,293,982,262,470,264,488,293,198,2,81917,279,1102,15516,624,750,912,2877,11,293,982,262,470,264,488,293,198,2,81917,279,1102,15516,624,750,912,2877,11,293,982,262,470,264,488,293,198,2,81917,279,1102,15516,624,750,912,2877,11,293,982,262,470,264,488,293,198,2,81917,279,1102,15516,624,750,912,2877,11,293,982,262,470,264,488,293,198,2,81917,279,1102,15516,624,750,912,2877,11,293,982,262,470,264,488,293,198,2,81917,279,1102,15516,624,750,912,2877,11,293,982,262]"
handoff-latency-unplugged-04-qwen2.5-coder-7b-p2048-g128-cpu-FA-practical-r0,qwen2.5-coder-7b,hybrid-practical-CPU,cpu,api-20261003T084838Z-PLUGGED_AC,[],True,False,0,,385952.754521203,386190.377220644,mmap,2048,128,127,4096,4096,5,512,256,0,4092360965812582743,6.785208331,237.407420326,8.626520591,237.408349285,0.0,0.0,0.0,0.0,0.186675261,23.476295877,5.40971202,261.209900578,0,0,0,0,True,True,True,False,0,0.0,0.0,0.0,"[982,262,470,264,488,293,198,2,81917,279,1102,15516,624,750,912,2877,11,293,982,262,470,264,488,293,198,2,81917,279,1102,15516,624,750,912,2877,11,293,982,262,470,264,488,293,198,2,81917,279,1102,15516,624,750,912,2877,11,293,982,262,470,264,488,293,198,2,81917,279,1102,15516,624,750,912,2877,11,293,982,262,470,264,488,293,198,2,81917,279,1102,15516,624,750,912,2877,11,293,982,262,470,264,488,293,198,2,81917,279,1102,15516,624,750,912,2877,11,293,982,262,470,264,488,293,198,2,81917,279,1102,15516,624,750,912,2877,11,293,982,262]"
handoff-latency-unplugged-04-qwen2.5-coder-7b-p2048-g128-cpu-FA-practical-r1,qwen2.5-coder-7b,hybrid-practical-CPU,cpu,api-20261003T084838Z-PLUGGED_AC,[],True,False,0,,386349.598343604,386587.852692107,mmap,2048,128,127,4096,4096,5,512,256,0,4092360965812582743,7.083569737,238.010607618,8.604658509,238.011436003,0.0,0.0,0.0,0.0,0.182628229,23.477308949,5.409478585,261.790437608,0,0,0,0,True,True,True,False,0,0.0,0.0,0.0,"[982,262,470,264,488,293,198,2,81917,279,1102,15516,624,750,912,2877,11,293,982,262,470,264,488,293,198,2,81917,279,1102,15516,624,750,912,2877,11,293,982,262,470,264,488,293,198,2,81917,279,1102,15516,624,750,912,2877,11,293,982,262,470,264,488,293,198,2,81917,279,1102,15516,624,750,912,2877,11,293,982,262,470,264,488,293,198,2,81917,279,1102,15516,624,750,912,2877,11,293,982,262,470,264,488,293,198,2,81917,279,1102,15516,624,750,912,2877,11,293,982,262,470,264,488,293,198,2,81917,279,1102,15516,624,750,912,2877,11,293,982,262]"
handoff-latency-unplugged-04-qwen2.5-coder-7b-p2048-g128-cpu-r0,qwen2.5-coder-7b,hybrid-latency,cpu,api-20261003T084838Z-PLUGGED_AC,[],True,False,0,,391499.970446744,391611.331376857,mmap,2048,128,127,4096,4096,5,512,256,0,4092360965812582743,7.173174633,111.195543759,18.418004272,111.196368395,0.0,0.0,0.0,0.0,0.172624323,21.842037127,5.81447597,133.310909063,0,0,0,0,True,True,True,False,0,0.0,0.0,0.0,"[982,262,470,264,488,293,198,2,81917,279,1102,15516,624,750,912,2877,11,293,982,262,470,264,488,293,198,2,81917,279,1102,15516,624,750,912,2877,11,293,982,262,470,264,488,293,198,2,81917,279,1102,15516,624,750,912,2877,11,293,982,262,470,264,488,293,198,2,81917,279,1102,15516,624,750,912,2877,11,293,982,262,470,264,488,293,198,2,81917,279,1102,15516,624,750,912,2877,11,293,982,262,470,264,488,293,198,2,81917,279,1102,15516,624,750,912,2877,11,293,982,262,470,264,488,293,198,2,81917,279,1102,15516,624,750,912,2877,11,293,982,262]"
handoff-latency-unplugged-04-qwen2.5-coder-7b-p2048-g128-cpu-r1,qwen2.5-coder-7b,hybrid-latency,cpu,api-20261003T084838Z-PLUGGED_AC,[],True,False,0,,392809.082393119,392901.287669699,mmap,2048,128,127,4096,4096,5,512,256,0,4092360965812582743,7.412771247,91.958286788,22.270967322,92.043944809,0.0,0.0,0.0,0.0,0.151685052,20.933898222,6.06671527,113.219676728,0,0,0,0,True,True,True,False,0,0.0,0.0,0.0,"[982,262,470,264,488,293,198,2,81917,279,1102,15516,624,750,912,2877,11,293,982,262,470,264,488,293,198,2,81917,279,1102,15516,624,750,912,2877,11,293,982,262,470,264,488,293,198,2,81917,279,1102,15516,624,750,912,2877,11,293,982,262,470,264,488,293,198,2,81917,279,1102,15516,624,750,912,2877,11,293,982,262,470,264,488,293,198,2,81917,279,1102,15516,624,750,912,2877,11,293,982,262,470,264,488,293,198,2,81917,279,1102,15516,624,750,912,2877,11,293,982,262,470,264,488,293,198,2,81917,279,1102,15516,624,750,912,2877,11,293,982,262]"
handoff-latency-unplugged-04-qwen2.5-coder-7b-p2048-g128-gpu-r0,qwen2.5-coder-7b,hybrid-latency,gpu,api-20261003T084838Z-PLUGGED_AC,[],True,False,0,,391752.818982741,391869.960361446,mmap,2048,128,127,4096,4096,5,512,256,99,4092360965812582743,15.027595515,117.132491518,17.484473979,117.133077143,0.0,0.0,0.0,0.0,0.260261667,36.366553528,3.492219847,153.512121712,0,0,0,0,True,True,True,False,0,0.0,0.0,0.0,"[982,262,470,264,488,293,198,2,81917,279,1102,15516,624,750,912,2877,11,293,982,262,470,264,488,293,198,2,81917,279,1102,15516,624,750,912,2877,11,293,982,262,470,264,488,293,198,2,81917,279,1102,15516,624,750,912,2877,11,293,982,262,470,264,488,293,198,2,81917,279,1102,15516,624,750,912,2877,11,293,982,262,470,264,488,293,198,2,81917,279,1102,15516,624,750,912,2877,11,293,982,262,470,264,488,293,198,2,81917,279,1102,15516,624,750,912,2877,11,293,982,262,470,264,488,293,198,2,81917,279,1102,15516,624,750,912,2877,11,293,982,262]"
handoff-latency-unplugged-04-qwen2.5-coder-7b-p2048-g128-gpu-r1,qwen2.5-coder-7b,hybrid-latency,gpu,api-20261003T084838Z-PLUGGED_AC,[],True,False,0,,392545.718593949,392662.253189581,mmap,2048,128,127,4096,4096,5,512,256,99,4092360965812582743,13.408472547,116.524293132,17.575734166,116.524896466,0.0,0.0,0.0,0.0,0.262591562,36.154296757,3.512722177,152.693795046,0,0,0,0,True,True,True,False,0,0.0,0.0,0.0,"[982,262,470,264,488,293,198,2,81917,279,1102,15516,624,750,912,2877,11,293,982,262,470,264,488,293,198,2,81917,279,1102,15516,624,750,912,2877,11,293,982,262,470,264,488,293,198,2,81917,279,1102,15516,624,750,912,2877,11,293,982,262,470,264,488,293,198,2,81917,279,1102,15516,624,750,912,2877,11,293,982,262,470,264,488,293,198,2,81917,279,1102,15516,624,750,912,2877,11,293,982,262,470,264,488,293,198,2,81917,279,1102,15516,624,750,912,2877,11,293,982,262,470,264,488,293,198,2,81917,279,1102,15516,624,750,912,2877,11,293,982,262]"
handoff-latency-unplugged-04-qwen2.5-coder-7b-p2048-g128-hybrid-r0,qwen2.5-coder-7b,hybrid-latency,hybrid,api-20261003T084838Z-PLUGGED_AC,[],True,False,0,,392039.719054975,392156.047362222,mmap,2048,128,127,4096,4096,5,512,256,99,4092360965812582743,13.122043641,116.25967381,17.615738397,116.260285372,491.993,329.578,133.683,3.266,0.943429478,17.581710826,7.223415358,134.450710886,0,3923490816,234881024,3923591168,True,True,True,False,0,0.0,0.0,0.0,"[982,262,470,264,488,293,198,2,81917,279,1102,15516,624,750,912,2877,11,293,982,262,470,264,488,293,198,2,81917,279,1102,15516,624,750,912,2877,11,293,982,262,470,264,488,293,198,2,81917,279,1102,15516,624,750,912,2877,11,293,982,262,470,264,488,293,198,2,81917,279,1102,15516,624,750,912,2877,11,293,982,262,470,264,488,293,198,2,81917,279,1102,15516,624,750,912,2877,11,293,982,262,470,264,488,293,198,2,81917,279,1102,15516,624,750,912,2877,11,293,982,262,470,264,488,293,198,2,81917,279,1102,15516,624,750,912,2877,11,293,982,262]"
handoff-latency-unplugged-04-qwen2.5-coder-7b-p2048-g128-hybrid-r1,qwen2.5-coder-7b,hybrid-latency,hybrid,api-20261003T084838Z-PLUGGED_AC,[],True,False,0,,392292.975166077,392409.398919782,mmap,2048,128,127,4096,4096,5,512,256,99,4092360965812582743,12.672295203,116.3793673,17.597621017,116.380021362,512.557,364.035,131.148,3.391,1.159657916,17.914066712,7.089400863,134.878615678,0,3923490816,234881024,3923591168,True,True,True,False,0,0.0,0.0,0.0,"[982,262,470,264,488,293,198,2,81917,279,1102,15516,624,750,912,2877,11,293,982,262,470,264,488,293,198,2,81917,279,1102,15516,624,750,912,2877,11,293,982,262,470,264,488,293,198,2,81917,279,1102,15516,624,750,912,2877,11,293,982,262,470,264,488,293,198,2,81917,279,1102,15516,624,750,912,2877,11,293,982,262,470,264,488,293,198,2,81917,279,1102,15516,624,750,912,2877,11,293,982,262,470,264,488,293,198,2,81917,279,1102,15516,624,750,912,2877,11,293,982,262,470,264,488,293,198,2,81917,279,1102,15516,624,750,912,2877,11,293,982,262]"
handoff-latency-unplugged-04-qwen2.5-coder-7b-p512-g16-bounded-cpu-r0,qwen2.5-coder-7b,hybrid-residency-bounded,cpu,api-20261003T084838Z-PLUGGED_AC,[],True,False,0,,389852.609128101,389875.601126426,mmap,512,16,15,1024,1024,5,512,256,0,15035156075086816172,5.869325674,22.850945096,22.406075453,22.851864002,0.0,0.0,0.0,0.0,0.158892187,2.313247343,6.484390891,25.415401553,0,0,0,0,True,True,True,False,0,0.0,0.0,0.0,"[624,750,912,2877,11,293,982,262,470,264,488,293,198,2,81917,279]"
handoff-latency-unplugged-04-qwen2.5-coder-7b-p512-g16-bounded-hybrid-r0,qwen2.5-coder-7b,hybrid-residency-bounded,hybrid,api-20261003T084838Z-PLUGGED_AC,[],True,False,0,,390056.045361044,390086.493688012,mmap,512,16,15,1024,1024,5,512,256,99,15035156075086816172,16.740857962,30.393000249,16.845984135,30.393661759,441.09,382.284,48.413,2.979,0.945417448,2.546084479,5.891399175,33.480102019,0,3923490816,58720256,3923591168,True,True,True,False,0,0.0,0.0,0.0,"[624,750,912,2877,11,293,982,262,470,264,488,293,198,2,81917,279]"
handoff-latency-unplugged-04-qwen2.5-coder-7b-p512-g16-mapped-keep-r0,qwen2.5-coder-7b,hybrid-residency-bounded,hybrid,api-20261003T084838Z-PLUGGED_AC,[],True,False,0,,390225.168600719,390253.451137584,mmap,512,16,15,1024,1024,5,512,256,99,15035156075086816172,13.452143901,28.19571525,18.158787442,28.19633749,52.86,0.041,42.605,3.901,2.563439062,52.69826123,0.284639372,81.122087938,0,3923490816,58720256,0,True,True,True,False,0,0.0,0.0,0.0,"[624,750,912,2877,11,293,982,262,470,264,488,293,198,2,81917,279]"
handoff-latency-unplugged-04-qwen2.5-coder-7b-p512-g64-cpu-FA-practical-r1,qwen2.5-coder-7b,hybrid-practical-CPU,cpu,api-20261003T145021Z-UNPLUGGED,[],True,False,0,,405813.48904071,405836.882171118,mmap,512,64,63,1024,1024,5,512,256,0,15035156075086816172,9.23900958,23.248603116,22.022828531,23.249340512,0.0,0.0,0.0,0.0,0.128263177,8.366010309,7.530471237,31.873748947,0,0,0,0,True,True,True,False,0,0.0,0.0,0.0,"[624,750,912,2877,11,293,982,262,470,264,488,293,198,2,81917,279,1102,15516,624,750,912,2877,11,293,982,262,470,264,488,293,198,2,81917,279,1102,15516,624,750,912,2877,11,293,982,262,470,264,488,293,198,2,81917,279,1102,15516,624,750,912,2877,11,293,982,262,470,264]"
handoff-latency-unplugged-04-qwen2.5-coder-7b-p512-g64-cpu-plain-r0,qwen2.5-coder-7b,hybrid-latency,cpu,api-20261003T084838Z-PLUGGED_AC,[],True,False,0,,389167.727513883,389206.758871993,mmap,512,64,63,1024,1024,5,512,256,0,15035156075086816172,2.445137603,38.845232069,13.180510779,38.846094777,0.0,0.0,0.0,0.0,0.174147968,11.248625048,5.600684504,50.388671075,0,0,0,0,True,True,True,False,0,0.0,0.0,0.0,"[624,750,912,2877,11,293,982,262,470,264,488,293,198,2,81917,279,1102,15516,624,750,912,2877,11,293,982,262,470,264,488,293,198,2,81917,279,1102,15516,624,750,912,2877,11,293,982,262,470,264,488,293,198,2,81917,279,1102,15516,624,750,912,2877,11,293,982,262,470,264]"
handoff-latency-unplugged-04-qwen2.5-coder-7b-p512-g64-cpu-r0,qwen2.5-coder-7b,hybrid-latency,cpu,api-20261003T084838Z-PLUGGED_AC,[],True,False,0,,387210.705872859,387233.653415767,mmap,512,64,63,1024,1024,5,512,256,0,15035156075086816172,6.458440674,22.8176252,22.438794375,22.818488377,0.0,0.0,0.0,0.0,0.133245937,10.166467183,6.196842902,33.222760091,0,0,0,0,True,True,True,False,0,0.0,0.0,0.0,"[624,750,912,2877,11,293,982,262,470,264,488,293,198,2,81917,279,1102,15516,624,750,912,2877,11,293,982,262,470,264,488,293,198,2,81917,279,1102,15516,624,750,912,2877,11,293,982,262,470,264,488,293,198,2,81917,279,1102,15516,624,750,912,2877,11,293,982,262,470,264]"
handoff-latency-unplugged-04-qwen2.5-coder-7b-p512-g64-cpu-r1,qwen2.5-coder-7b,hybrid-latency,cpu,api-20261003T084838Z-PLUGGED_AC,[],True,False,0,,387804.231324924,387826.669237312,mmap,512,64,63,1024,1024,5,512,256,0,15035156075086816172,6.751625362,22.320869679,22.938174335,22.321715877,0.0,0.0,0.0,0.0,0.161141146,11.3050276,5.572741813,33.850332591,0,0,0,0,True,True,True,False,0,0.0,0.0,0.0,"[624,750,912,2877,11,293,982,262,470,264,488,293,198,2,81917,279,1102,15516,624,750,912,2877,11,293,982,262,470,264,488,293,198,2,81917,279,1102,15516,624,750,912,2877,11,293,982,262,470,264,488,293,198,2,81917,279,1102,15516,624,750,912,2877,11,293,982,262,470,264]"
handoff-latency-unplugged-04-qwen2.5-coder-7b-p512-g64-cpu-resident-r0,qwen2.5-coder-7b,hybrid-latency,hybrid,api-20261003T084838Z-PLUGGED_AC,[],True,False,0,,389581.768588048,389634.216200476,mmap,512,64,63,1024,1024,5,512,256,0,15035156075086816172,1.823604166,52.338837584,9.782410608,52.339578209,23.012,0.021,0.044,4.907,0.151376093,8.313151924,7.578353021,60.888979925,0,0,0,0,True,True,True,False,0,0.0,0.0,0.0,"[624,750,912,2877,11,293,982,262,470,264,488,293,198,2,81917,279,1102,15516,624,750,912,2877,11,293,982,262,470,264,488,293,198,2,81917,279,1102,15516,624,750,912,2877,11,293,982,262,470,264,488,293,198,2,81917,279,1102,15516,624,750,912,2877,11,293,982,262,470,264]"
handoff-latency-unplugged-04-qwen2.5-coder-7b-p512-g64-gpu-auto-r0,qwen2.5-coder-7b,hybrid-latency,gpu,api-20261003T084838Z-PLUGGED_AC,[],True,False,0,,389418.000116132,389446.378540912,mmap,512,64,63,1024,1024,5,512,256,99,15035156075086816172,12.761996193,28.365888844,18.049848634,28.366510094,0.0,0.0,0.0,0.0,0.249282604,16.84655041,3.739637995,45.234886494,0,0,0,0,True,True,True,False,0,0.0,0.0,0.0,"[624,750,912,2877,11,293,982,262,470,264,488,293,198,2,81917,279,1102,15516,624,750,912,2877,11,293,982,262,470,264,488,293,198,2,81917,279,1102,15516,624,750,912,2877,11,293,982,262,470,264,488,293,198,2,81917,279,1102,15516,624,750,912,2877,11,293,982,262,470,264]"
handoff-latency-unplugged-04-qwen2.5-coder-7b-p512-g64-gpu-r0,qwen2.5-coder-7b,hybrid-latency,gpu,api-20261003T084838Z-PLUGGED_AC,[],True,False,0,,387334.993306093,387363.357809936,mmap,512,64,63,1024,1024,5,512,256,99,15035156075086816172,13.82091114,28.353882124,18.057492013,28.354431083,0.0,0.0,0.0,0.0,0.221062708,16.312483952,3.862072765,44.686573212,0,0,0,0,True,True,True,False,0,0.0,0.0,0.0,"[624,750,912,2877,11,293,982,262,470,264,488,293,198,2,81917,279,1102,15516,624,750,912,2877,11,293,982,262,470,264,488,293,198,2,81917,279,1102,15516,624,750,912,2877,11,293,982,262,470,264,488,293,198,2,81917,279,1102,15516,624,750,912,2877,11,293,982,262,470,264]"
handoff-latency-unplugged-04-qwen2.5-coder-7b-p512-g64-gpu-r1,qwen2.5-coder-7b,hybrid-latency,gpu,api-20261003T084838Z-PLUGGED_AC,[],True,False,0,,387697.932358038,387726.232499017,mmap,512,64,63,1024,1024,5,512,256,99,15035156075086816172,12.678138277,28.282721291,18.102925625,28.285020978,0.0,0.0,0.0,0.0,0.253763281,15.661034421,4.022722785,43.971314202,0,0,0,0,True,True,True,False,0,0.0,0.0,0.0,"[624,750,912,2877,11,293,982,262,470,264,488,293,198,2,81917,279,1102,15516,624,750,912,2877,11,293,982,262,470,264,488,293,198,2,81917,279,1102,15516,624,750,912,2877,11,293,982,262,470,264,488,293,198,2,81917,279,1102,15516,624,750,912,2877,11,293,982,262,470,264]"
handoff-latency-unplugged-04-qwen2.5-coder-7b-p512-g64-hybrid-r0,qwen2.5-coder-7b,hybrid-latency,hybrid,api-20261003T084838Z-PLUGGED_AC,[],True,False,0,,387479.164581298,387507.52074509,mmap,512,64,63,1024,1024,5,512,256,99,15035156075086816172,13.291052235,28.287576448,18.099818517,28.28815426,437.527,341.215,85.452,4.277,0.57374724,7.911124685,7.963469482,36.772466132,0,3923490816,58720256,3923591168,True,True,True,False,0,0.0,0.0,0.0,"[624,750,912,2877,11,293,982,262,470,264,488,293,198,2,81917,279,1102,15516,624,750,912,2877,11,293,982,262,470,264,488,293,198,2,81917,279,1102,15516,624,750,912,2877,11,293,982,262,470,264,488,293,198,2,81917,279,1102,15516,624,750,912,2877,11,293,982,262,470,264]"
handoff-latency-unplugged-04-qwen2.5-coder-7b-p512-g64-hybrid-r1,qwen2.5-coder-7b,hybrid-latency,hybrid,api-20261003T084838Z-PLUGGED_AC,[],True,False,0,,387575.462105584,387603.844567761,mmap,512,64,63,1024,1024,5,512,256,99,15035156075086816172,12.573994318,28.300423323,18.09160217,28.301020667,379.194,337.171,31.193,2.84,0.696862083,7.946507133,7.928011508,36.781034049,0,3923490816,58720256,3923591168,True,True,True,False,0,0.0,0.0,0.0,"[624,750,912,2877,11,293,982,262,470,264,488,293,198,2,81917,279,1102,15516,624,750,912,2877,11,293,982,262,470,264,488,293,198,2,81917,279,1102,15516,624,750,912,2877,11,293,982,262,470,264,488,293,198,2,81917,279,1102,15516,624,750,912,2877,11,293,982,262,470,264]"
handoff-latency-unplugged-04-qwen2.5-coder-7b-p512-g64-partial-half-r0,qwen2.5-coder-7b,hybrid-latency,hybrid,api-20261003T084838Z-PLUGGED_AC,[],True,False,0,,390579.611292147,390606.891450053,mmap,512,64,63,1024,1024,5,512,256,14,15035156075086816172,11.77260536,27.148509833,18.859230328,27.150579208,273.802,231.936,17.399,3.084,0.367718593,8.156088955,7.724290447,35.802219361,0,1830617088,27262976,1830663680,True,True,True,False,0,0.0,0.0,0.0,"[624,750,912,2877,11,293,982,262,470,264,488,293,198,2,81917,279,1102,15516,624,750,912,2877,11,293,982,262,470,264,488,293,198,2,81917,279,1102,15516,624,750,912,2877,11,293,982,262,470,264,488,293,198,2,81917,279,1102,15516,624,750,912,2877,11,293,982,262,470,264]"
handoff-latency-unplugged-04-qwen2.5-coder-7b-p8192-g128-cpu-FA-canonical-r0,qwen2.5-coder-7b,hybrid-CPU-layout-control,cpu,api-20261003T084838Z-PLUGGED_AC,[],True,False,0,,400333.043430614,401341.590081635,mmap,8192,128,127,8704,8704,5,512,256,0,17564863177223858684,2.564033906,1008.367712741,8.12402053,1008.368727585,0.0,0.0,0.0,0.0,0.255644895,32.424520248,3.916788869,1041.099999291,0,0,0,0,True,True,True,False,0,0.0,0.0,0.0,"[198,2,81917,279,1102,15516,624,750,912,2877,11,293,982,262,470,264,488,293,198,2,81917,279,1102,15516,624,750,912,2877,11,293,982,262,470,264,488,293,198,2,81917,279,1102,15516,624,750,912,2877,11,293,982,262,470,264,488,293,198,2,81917,279,1102,15516,624,750,912,2877,11,293,982,262,470,264,488,293,198,2,81917,279,1102,15516,624,750,912,2877,11,293,982,262,470,264,488,293,198,2,81917,279,1102,15516,624,750,912,2877,11,293,982,262,470,264,488,293,198,2,81917,279,1102,15516,624,750,912,2877,11,293,982,262,470,264,488,293,198,2]"
handoff-latency-unplugged-04-qwen2.5-coder-7b-p8192-g128-cpu-FA-canonical-r1,qwen2.5-coder-7b,hybrid-CPU-layout-control,cpu,api-20261003T084838Z-PLUGGED_AC,[],True,False,0,,401562.705880613,402574.191614082,mmap,8192,128,127,8704,8704,5,512,256,0,17564863177223858684,2.656139374,1011.316800291,8.100330181,1011.317769771,0.0,0.0,0.0,0.0,0.255398541,32.383944206,3.92169648,1044.000311841,0,0,0,0,True,True,True,False,0,0.0,0.0,0.0,"[198,2,81917,279,1102,15516,624,750,912,2877,11,293,982,262,470,264,488,293,198,2,81917,279,1102,15516,624,750,912,2877,11,293,982,262,470,264,488,293,198,2,81917,279,1102,15516,624,750,912,2877,11,293,982,262,470,264,488,293,198,2,81917,279,1102,15516,624,750,912,2877,11,293,982,262,470,264,488,293,198,2,81917,279,1102,15516,624,750,912,2877,11,293,982,262,470,264,488,293,198,2,81917,279,1102,15516,624,750,912,2877,11,293,982,262,470,264,488,293,198,2,81917,279,1102,15516,624,750,912,2877,11,293,982,262,470,264,488,293,198,2]"
handoff-latency-unplugged-04-qwen2.5-coder-7b-p8192-g128-cpu-r0,qwen2.5-coder-7b,hybrid-latency,cpu,api-20261003T084838Z-PLUGGED_AC,[],True,False,0,,393033.546788711,393872.038404432,mmap,8192,128,127,8704,8704,5,512,256,0,17564863177223858684,7.219037758,838.343484107,9.771651066,838.344358586,0.0,0.0,0.0,0.0,0.211198073,26.975374625,4.707997637,865.567973367,0,0,0,0,True,True,True,False,0,0.0,0.0,0.0,"[198,2,81917,279,1102,15516,624,750,912,2877,11,293,982,262,470,264,488,293,198,2,81917,279,1102,15516,624,750,912,2877,11,293,982,262,470,264,488,293,198,2,81917,279,1102,15516,624,750,912,2877,11,293,982,262,470,264,488,293,198,2,81917,279,1102,15516,624,750,912,2877,11,293,982,262,470,264,488,293,198,2,81917,279,1102,15516,624,750,912,2877,11,293,982,262,470,264,488,293,198,2,81917,279,1102,15516,624,750,912,2877,11,293,982,262,470,264,488,293,198,2,81917,279,1102,15516,624,750,912,2877,11,293,982,262,470,264,488,293,198,2]"
handoff-latency-unplugged-04-qwen2.5-coder-7b-p8192-g128-cpu-r1,qwen2.5-coder-7b,hybrid-latency,cpu,api-20261003T084838Z-PLUGGED_AC,[],True,False,0,,397130.389734908,397754.716855712,mmap,8192,128,127,8704,8704,5,512,256,0,17564863177223858684,5.859279008,624.188432106,13.124241941,624.189285179,0.0,0.0,0.0,0.0,0.216518958,30.907089207,4.109089638,655.336452927,0,0,0,0,True,True,True,False,0,0.0,0.0,0.0,"[198,2,81917,279,1102,15516,624,750,912,2877,11,293,982,262,470,264,488,293,198,2,81917,279,1102,15516,624,750,912,2877,11,293,982,262,470,264,488,293,198,2,81917,279,1102,15516,624,750,912,2877,11,293,982,262,470,264,488,293,198,2,81917,279,1102,15516,624,750,912,2877,11,293,982,262,470,264,488,293,198,2,81917,279,1102,15516,624,750,912,2877,11,293,982,262,470,264,488,293,198,2,81917,279,1102,15516,624,750,912,2877,11,293,982,262,470,264,488,293,198,2,81917,279,1102,15516,624,750,912,2877,11,293,982,262,470,264,488,293,198,2]"
handoff-latency-unplugged-04-qwen2.5-coder-7b-p8192-g128-gpu-r0,qwen2.5-coder-7b,hybrid-latency,gpu,api-20261003T084838Z-PLUGGED_AC,[],True,False,0,,394114.166333403,394635.805841902,mmap,8192,128,127,8704,8704,5,512,256,99,17564863177223858684,14.116511974,521.622614957,15.704840559,521.623190009,0.0,0.0,0.0,0.0,0.277639948,41.247365401,3.078984531,562.894673795,0,0,0,0,True,True,True,False,0,0.0,0.0,0.0,"[198,2,81917,279,1102,15516,624,750,912,2877,11,293,982,262,470,264,488,293,198,2,81917,279,1102,15516,624,750,912,2877,11,293,982,262,470,264,488,293,198,2,81917,279,1102,15516,624,750,912,2877,11,293,982,262,470,264,488,293,198,2,81917,279,1102,15516,624,750,912,2877,11,293,982,262,470,264,488,293,198,2,81917,279,1102,15516,624,750,912,2877,11,293,982,262,470,264,488,293,198,2,81917,279,1102,15516,624,750,912,2877,11,293,982,262,470,264,488,293,198,2,81917,279,1102,15516,624,750,912,2877,11,293,982,262,470,264,488,293,198,2]"
handoff-latency-unplugged-04-qwen2.5-coder-7b-p8192-g128-gpu-r1,qwen2.5-coder-7b,hybrid-latency,gpu,api-20261003T084838Z-PLUGGED_AC,[],True,False,0,,396327.922043391,396849.621195015,mmap,8192,128,127,8704,8704,5,512,256,99,17564863177223858684,14.834745567,521.685664385,15.702942517,521.686202145,0.0,0.0,0.0,0.0,0.262241823,41.259315037,3.078092787,562.965882494,0,0,0,0,True,True,True,False,0,0.0,0.0,0.0,"[198,2,81917,279,1102,15516,624,750,912,2877,11,293,982,262,470,264,488,293,198,2,81917,279,1102,15516,624,750,912,2877,11,293,982,262,470,264,488,293,198,2,81917,279,1102,15516,624,750,912,2877,11,293,982,262,470,264,488,293,198,2,81917,279,1102,15516,624,750,912,2877,11,293,982,262,470,264,488,293,198,2,81917,279,1102,15516,624,750,912,2877,11,293,982,262,470,264,488,293,198,2,81917,279,1102,15516,624,750,912,2877,11,293,982,262,470,264,488,293,198,2,81917,279,1102,15516,624,750,912,2877,11,293,982,262,470,264,488,293,198,2]"
handoff-latency-unplugged-04-qwen2.5-coder-7b-p8192-g128-hybrid-r0,qwen2.5-coder-7b,hybrid-latency,hybrid,api-20261003T084838Z-PLUGGED_AC,[],True,False,0,,394853.613647548,395375.267570057,mmap,8192,128,127,8704,8704,5,512,256,99,17564863177223858684,15.077404786,521.638691207,15.704356556,521.639247873,704.777,386.326,281.237,3.548,1.419103176,35.889810767,3.538608794,558.269618328,0,3923490816,499122176,3923591168,True,True,True,False,0,0.0,0.0,0.0,"[198,2,81917,279,1102,15516,624,750,912,2877,11,293,982,262,470,264,488,293,198,2,81917,279,1102,15516,624,750,912,2877,11,293,982,262,470,264,488,293,198,2,81917,279,1102,15516,624,750,912,2877,11,293,982,262,470,264,488,293,198,2,81917,279,1102,15516,624,750,912,2877,11,293,982,262,470,264,488,293,198,2,81917,279,1102,15516,624,750,912,2877,11,293,982,262,470,264,488,293,198,2,81917,279,1102,15516,624,750,912,2877,11,293,982,262,470,264,488,293,198,2,81917,279,1102,15516,624,750,912,2877,11,293,982,262,470,264,488,293,198,2]"
handoff-latency-unplugged-04-qwen2.5-coder-7b-p8192-g128-hybrid-r1,qwen2.5-coder-7b,hybrid-latency,hybrid,api-20261003T084838Z-PLUGGED_AC,[],True,False,0,,395603.284671845,396123.338501803,mmap,8192,128,127,8704,8704,5,512,256,99,17564863177223858684,14.902847338,520.031656416,15.752887154,520.032233864,728.769,368.207,290.963,29.347,1.349101041,23.642405616,5.371703796,544.459836875,0,3923490816,499122176,3923591168,True,True,True,False,0,0.0,0.0,0.0,"[198,2,81917,279,1102,15516,624,750,912,2877,11,293,982,262,470,264,488,293,198,2,81917,279,1102,15516,624,750,912,2877,11,293,982,262,470,264,488,293,198,2,81917,279,1102,15516,624,750,912,2877,11,293,982,262,470,264,488,293,198,2,81917,279,1102,15516,624,750,912,2877,11,293,982,262,470,264,488,293,198,2,81917,279,1102,15516,624,750,912,2877,11,293,982,262,470,264,488,293,198,2,81917,279,1102,15516,624,750,912,2877,11,293,982,262,470,264,488,293,198,2,81917,279,1102,15516,624,750,912,2877,11,293,982,262,470,264,488,293,198,2]"
handoff-latency-unplugged-04-qwen3-4b-instruct-p128-g64-cpu-FA-practical-r0,qwen3-4b-instruct,hybrid-practical-CPU,cpu,api-20261003T084838Z-PLUGGED_AC,[],True,False,0,,383387.920125046,383390.391659316,mmap,128,64,63,512,512,5,512,256,0,8374067816799326716,2.069966979,2.383940989,53.692604217,2.384449062,0.0,0.0,0.0,0.0,0.064377656,4.09419229,15.387650491,6.648003539,0,0,0,0,True,True,True,False,0,0.0,0.0,0.0,"[198,2,81917,279,1102,15516,624,750,912,2877,11,293,982,262,470,264,488,293,198,2,81917,279,1102,15516,624,750,912,2877,11,293,982,262,470,264,488,293,198,2,81917,279,1102,15516,624,750,912,2877,11,293,982,262,470,264,488,293,198,2,81917,279,1102,15516,624,750,912,2877]"
handoff-latency-unplugged-04-qwen3-4b-instruct-p128-g64-cpu-FA-practical-r1,qwen3-4b-instruct,hybrid-practical-CPU,cpu,api-20261003T084838Z-PLUGGED_AC,[],True,False,0,,383468.338019703,383470.637438244,mmap,128,64,63,512,512,5,512,256,0,8374067816799326716,1.812238802,2.21230401,57.858232603,2.212847083,0.0,0.0,0.0,0.0,0.065997864,4.050012342,15.555508152,6.432291404,0,0,0,0,True,True,True,False,0,0.0,0.0,0.0,"[198,2,81917,279,1102,15516,624,750,912,2877,11,293,982,262,470,264,488,293,198,2,81917,279,1102,15516,624,750,912,2877,11,293,982,262,470,264,488,293,198,2,81917,279,1102,15516,624,750,912,2877,11,293,982,262,470,264,488,293,198,2,81917,279,1102,15516,624,750,912,2877]"
handoff-latency-unplugged-04-qwen3-4b-instruct-p128-g64-cpu-r0,qwen3-4b-instruct,hybrid-latency,cpu,unplugged-04,[],True,False,0,,375820.350882308,375822.907710901,mmap,128,64,63,512,512,5,512,256,0,8374067816799326716,2.688586978,2.453045572,52.180033449,2.453744218,0.0,0.0,0.0,0.0,0.092889844,4.538060728,13.882581961,7.195746456,0,0,0,0,True,True,True,False,0,0.0,0.0,0.0,"[198,2,81917,279,1102,15516,624,750,912,2877,11,293,982,262,470,264,488,293,198,2,81917,279,1102,15516,624,750,912,2877,11,293,982,262,470,264,488,293,198,2,81917,279,1102,15516,624,750,912,2877,11,198,286,293,982,262,470,264,488,293,198,2,81917,279,1102,15516,624,750]"
handoff-latency-unplugged-04-qwen3-4b-instruct-p128-g64-cpu-r1,qwen3-4b-instruct,hybrid-latency,cpu,unplugged-04,[],True,False,0,,376115.562762091,376117.972545372,mmap,128,64,63,512,512,5,512,256,0,8374067816799326716,1.721663853,2.317520104,55.231451835,2.318042552,0.0,0.0,0.0,0.0,0.121376667,4.70443104,13.391630032,7.205610518,0,0,0,0,True,True,True,False,0,0.0,0.0,0.0,"[198,2,81917,279,1102,15516,624,750,912,2877,11,293,982,262,470,264,488,293,198,2,81917,279,1102,15516,624,750,912,2877,11,293,982,262,470,264,488,293,198,2,81917,279,1102,15516,624,750,912,2877,11,198,286,293,982,262,470,264,488,293,198,2,81917,279,1102,15516,624,750]"
handoff-latency-unplugged-04-qwen3-4b-instruct-p128-g64-gpu-r0,qwen3-4b-instruct,hybrid-latency,gpu,unplugged-04,[],True,False,0,,375877.089401974,375881.35758692,mmap,128,64,63,512,512,5,512,256,99,8374067816799326716,5.789524738,4.251537498,30.106755511,4.252115207,0.0,0.0,0.0,0.0,0.158220417,9.793358174,6.432931266,14.070993849,0,0,0,0,True,True,True,False,0,0.0,0.0,0.0,"[198,2,81917,279,1102,15516,624,750,912,2877,11,293,982,262,470,264,488,293,198,2,81917,279,1102,15516,624,750,912,2877,11,293,982,262,470,264,488,293,198,2,81917,279,1102,15516,624,750,912,2877,11,198,286,293,982,262,470,264,488,293,198,2,81917,279,1102,15516,624,750]"
handoff-latency-unplugged-04-qwen3-4b-instruct-p128-g64-gpu-r1,qwen3-4b-instruct,hybrid-latency,gpu,unplugged-04,[],True,False,0,,376056.728555968,376061.001552581,mmap,128,64,63,512,512,5,512,256,99,8374067816799326716,5.328147081,4.255381873,30.079556623,4.256013592,0.0,0.0,0.0,0.0,0.154187708,9.82501786,6.412202084,14.111702443,0,0,0,0,True,True,True,False,0,0.0,0.0,0.0,"[198,2,81917,279,1102,15516,624,750,912,2877,11,293,982,262,470,264,488,293,198,2,81917,279,1102,15516,624,750,912,2877,11,293,982,262,470,264,488,293,198,2,81917,279,1102,15516,624,750,912,2877,11,198,286,293,982,262,470,264,488,293,198,2,81917,279,1102,15516,624,750]"
handoff-latency-unplugged-04-qwen3-4b-instruct-p128-g64-hybrid-r0,qwen3-4b-instruct,hybrid-latency,hybrid,unplugged-04,[],True,False,0,,375940.274222054,375944.585847261,mmap,128,64,63,512,512,5,512,256,99,8374067816799326716,5.412915936,4.234229478,30.229821191,4.234812134,285.783,235.461,42.257,3.643,0.073036719,4.747417342,13.270373229,9.40376833,0,2172258304,75497472,2172387328,True,True,True,False,0,0.0,0.0,0.0,"[198,2,81917,279,1102,15516,624,750,912,2877,11,293,982,262,470,264,488,293,198,2,81917,279,1102,15516,624,750,912,2877,11,293,982,262,470,264,488,293,198,2,81917,279,1102,15516,624,750,912,2877,11,198,286,293,982,262,470,264,488,293,198,2,81917,279,1102,15516,624,750]"
handoff-latency-unplugged-04-qwen3-4b-instruct-p128-g64-hybrid-r1,qwen3-4b-instruct,hybrid-latency,hybrid,unplugged-04,[],True,False,0,,375998.647311355,376002.953935572,mmap,128,64,63,512,512,5,512,256,99,8374067816799326716,5.407656716,4.244603488,30.15593809,4.245256352,260.525,167.776,41.485,3.703,0.089692395,4.580293592,13.754576805,9.208312861,0,2172258304,75497472,2172387328,True,True,True,False,0,0.0,0.0,0.0,"[198,2,81917,279,1102,15516,624,750,912,2877,11,293,982,262,470,264,488,293,198,2,81917,279,1102,15516,624,750,912,2877,11,293,982,262,470,264,488,293,198,2,81917,279,1102,15516,624,750,912,2877,11,198,286,293,982,262,470,264,488,293,198,2,81917,279,1102,15516,624,750]"
handoff-latency-unplugged-04-qwen3-4b-instruct-p2048-g128-cpu-FA-canonical-r0,qwen3-4b-instruct,hybrid-CPU-layout-control,cpu,api-20261003T084838Z-PLUGGED_AC,[],True,False,0,,384432.69824569,384561.375417984,mmap,2048,128,127,4096,4096,5,512,256,0,4092360965812582743,2.219814166,128.553882556,15.931062985,128.554849743,0.0,0.0,0.0,0.0,0.136798229,16.862108744,7.531679574,145.645112966,0,0,0,0,True,True,True,False,0,0.0,0.0,0.0,"[982,262,470,264,488,293,198,2,81917,279,1102,15516,624,750,912,2877,11,293,982,262,470,264,488,293,198,2,81917,279,1102,15516,624,750,912,2877,11,293,982,262,470,264,488,293,198,2,81917,279,1102,15516,624,750,912,2877,11,293,982,262,470,264,488,293,198,2,81917,279,1102,15516,624,750,912,2877,11,293,982,262,470,264,488,293,198,2,81917,279,1102,15516,624,750,912,2877,11,293,982,262,470,264,488,293,198,2,81917,279,1102,15516,624,750,912,2877,11,293,982,262,470,264,488,293,198,2,81917,279,1102,15516,624,750,912,2877,11,293,982,262]"
handoff-latency-unplugged-04-qwen3-4b-instruct-p2048-g128-cpu-FA-practical-r0,qwen3-4b-instruct,hybrid-practical-CPU,cpu,unplugged-04,[],True,False,0,,380917.894484687,380987.417931483,mmap,2048,128,127,4096,4096,5,512,256,0,4092360965812582743,2.42180927,69.365216536,29.524884406,69.366221483,0.0,0.0,0.0,0.0,0.148643229,17.570405618,7.228063072,87.209148925,0,0,0,0,True,True,True,False,0,0.0,0.0,0.0,"[982,262,470,264,488,293,198,2,81917,279,1102,15516,624,750,912,2877,11,293,982,262,470,264,488,293,198,2,81917,279,1102,15516,624,750,912,2877,11,293,982,262,470,264,488,293,198,2,81917,279,1102,15516,624,750,912,2877,11,293,982,262,470,264,488,293,198,2,81917,279,1102,15516,624,750,912,2877,11,293,982,262,470,264,488,293,198,2,81917,279,1102,15516,624,750,912,2877,11,293,982,262,470,264,488,293,198,2,81917,279,1102,15516,624,750,912,2877,11,293,982,262,470,264,488,293,198,2,81917,279,1102,15516,624,750,912,2877,11,293,982,262]"
handoff-latency-unplugged-04-qwen3-4b-instruct-p2048-g128-cpu-FA-practical-r1,qwen3-4b-instruct,hybrid-practical-CPU,cpu,unplugged-04,[],True,False,0,,381093.42718212,381169.014175424,mmap,2048,128,127,4096,4096,5,512,256,0,4092360965812582743,1.987502134,75.452989294,27.142728461,75.453977106,0.0,0.0,0.0,0.0,0.187621979,20.147188117,6.303609182,95.859986213,0,0,0,0,True,True,True,False,0,0.0,0.0,0.0,"[982,262,470,264,488,293,198,2,81917,279,1102,15516,624,750,912,2877,11,293,982,262,470,264,488,293,198,2,81917,279,1102,15516,624,750,912,2877,11,293,982,262,470,264,488,293,198,2,81917,279,1102,15516,624,750,912,2877,11,293,982,262,470,264,488,293,198,2,81917,279,1102,15516,624,750,912,2877,11,293,982,262,470,264,488,293,198,2,81917,279,1102,15516,624,750,912,2877,11,293,982,262,470,264,488,293,198,2,81917,279,1102,15516,624,750,912,2877,11,293,982,262,470,264,488,293,198,2,81917,279,1102,15516,624,750,912,2877,11,293,982,262]"
handoff-latency-unplugged-04-qwen3-4b-instruct-p2048-g128-cpu-r0,qwen3-4b-instruct,hybrid-latency,cpu,unplugged-04,[],True,False,0,,376588.319828682,376662.079903706,mmap,2048,128,127,4096,4096,5,512,256,0,4092360965812582743,2.064570155,73.594474138,27.828176286,73.595335909,0.0,0.0,0.0,0.0,0.127583021,16.609191921,7.646368385,90.474594809,0,0,0,0,True,True,True,False,0,0.0,0.0,0.0,"[982,262,470,264,488,293,198,2,81917,279,1102,15516,624,750,912,2877,11,293,982,262,470,264,488,293,198,2,81917,279,1102,15516,624,750,912,2877,11,293,982,262,470,264,488,293,198,2,81917,279,1102,15516,624,750,912,2877,11,293,982,262,470,264,488,293,198,2,81917,279,1102,15516,624,750,912,2877,11,293,982,262,470,264,488,293,198,2,81917,279,1102,15516,624,750,912,2877,11,293,982,262,470,264,488,293,198,2,81917,279,1102,15516,624,750,912,2877,11,293,982,262,470,264,488,293,198,2,81917,279,1102,15516,624,750,912,2877,11,293,982,262]"
handoff-latency-unplugged-04-qwen3-4b-instruct-p2048-g128-cpu-r1,qwen3-4b-instruct,hybrid-latency,cpu,unplugged-04,[],True,False,0,,377474.266498188,377584.509262937,mmap,2048,128,127,4096,4096,5,512,256,0,4092360965812582743,2.008438385,110.129723603,18.596251157,110.130269853,0.0,0.0,0.0,0.0,0.120704532,12.192628381,10.416129815,122.544937661,0,0,0,0,True,True,True,False,0,0.0,0.0,0.0,"[982,262,470,264,488,293,198,2,81917,279,1102,15516,624,750,912,2877,11,293,982,262,470,264,488,293,198,2,81917,279,1102,15516,624,750,912,2877,11,293,982,262,470,264,488,293,198,2,81917,279,1102,15516,624,750,912,2877,11,293,982,262,470,264,488,293,198,2,81917,279,1102,15516,624,750,912,2877,11,293,982,262,470,264,488,293,198,2,81917,279,1102,15516,624,750,912,2877,11,293,982,262,470,264,488,293,198,2,81917,279,1102,15516,624,750,912,2877,11,293,982,262,470,264,488,293,198,2,81917,279,1102,15516,624,750,912,2877,11,293,982,262]"
handoff-latency-unplugged-04-qwen3-4b-instruct-p2048-g128-gpu-r0,qwen3-4b-instruct,hybrid-latency,gpu,unplugged-04,[],True,False,0,,376729.550567378,376801.29450058,mmap,2048,128,127,4096,4096,5,512,256,99,4092360965812582743,6.787977445,71.726904191,28.55274493,71.72747867,0.0,0.0,0.0,0.0,0.206419844,31.243584832,4.064834451,102.999615898,0,0,0,0,True,True,True,False,0,0.0,0.0,0.0,"[982,262,470,264,488,293,198,2,81917,279,1102,15516,624,750,912,2877,11,293,982,262,470,264,488,293,198,2,81917,279,1102,15516,624,750,912,2877,11,293,982,262,470,264,488,293,198,2,81917,279,1102,15516,624,750,912,2877,11,293,982,262,470,264,488,293,198,2,81917,279,1102,15516,624,750,912,2877,11,293,982,262,470,264,488,293,198,2,81917,279,1102,15516,624,750,912,2877,11,293,982,262,470,264,488,293,198,2,81917,279,1102,15516,624,750,912,2877,11,293,982,262,470,264,488,293,198,2,81917,279,1102,15516,624,750,912,2877,11,293,982,262]"
handoff-latency-unplugged-04-qwen3-4b-instruct-p2048-g128-gpu-r1,qwen3-4b-instruct,hybrid-latency,gpu,unplugged-04,[],True,False,0,,377266.572980454,377338.921105844,mmap,2048,128,127,4096,4096,5,512,256,99,4092360965812582743,5.614510675,72.331299243,28.31416028,72.331915129,0.0,0.0,0.0,0.0,0.20644151,30.416280301,4.175395503,102.777040638,0,0,0,0,True,True,True,False,0,0.0,0.0,0.0,"[982,262,470,264,488,293,198,2,81917,279,1102,15516,624,750,912,2877,11,293,982,262,470,264,488,293,198,2,81917,279,1102,15516,624,750,912,2877,11,293,982,262,470,264,488,293,198,2,81917,279,1102,15516,624,750,912,2877,11,293,982,262,470,264,488,293,198,2,81917,279,1102,15516,624,750,912,2877,11,293,982,262,470,264,488,293,198,2,81917,279,1102,15516,624,750,912,2877,11,293,982,262,470,264,488,293,198,2,81917,279,1102,15516,624,750,912,2877,11,293,982,262,470,264,488,293,198,2,81917,279,1102,15516,624,750,912,2877,11,293,982,262]"
handoff-latency-unplugged-04-qwen3-4b-instruct-p2048-g128-hybrid-r0,qwen3-4b-instruct,hybrid-latency,hybrid,unplugged-04,[],True,False,0,,376904.896459707,376977.21918145,mmap,2048,128,127,4096,4096,5,512,256,99,4092360965812582743,5.58280755,72.246787056,28.34728136,72.247341118,537.052,184.993,329.353,3.704,0.097198125,12.604869318,10.075471375,85.529529134,0,2172258304,603979776,2172387328,True,True,True,False,0,0.0,0.0,0.0,"[982,262,470,264,488,293,198,2,81917,279,1102,15516,624,750,912,2877,11,293,982,262,470,264,488,293,198,2,81917,279,1102,15516,624,750,912,2877,11,293,982,262,470,264,488,293,198,2,81917,279,1102,15516,624,750,912,2877,11,293,982,262,470,264,488,293,198,2,81917,279,1102,15516,624,750,912,2877,11,293,982,262,470,264,488,293,198,2,81917,279,1102,15516,624,750,912,2877,11,293,982,262,470,264,488,293,198,2,81917,279,1102,15516,624,750,912,2877,11,293,982,262,470,264,488,293,198,2,81917,279,1102,15516,624,750,912,2877,11,293,982,262]"
handoff-latency-unplugged-04-qwen3-4b-instruct-p2048-g128-hybrid-r1,qwen3-4b-instruct,hybrid-latency,hybrid,unplugged-04,[],True,False,0,,377086.826310836,377159.158028829,mmap,2048,128,127,4096,4096,5,512,256,99,4092360965812582743,5.618450571,72.243694348,28.348494889,72.244287942,521.453,167.089,330.282,3.675,0.10113474,12.737609891,9.970473353,85.662621478,0,2172258304,603979776,2172387328,True,True,True,False,0,0.0,0.0,0.0,"[982,262,470,264,488,293,198,2,81917,279,1102,15516,624,750,912,2877,11,293,982,262,470,264,488,293,198,2,81917,279,1102,15516,624,750,912,2877,11,293,982,262,470,264,488,293,198,2,81917,279,1102,15516,624,750,912,2877,11,293,982,262,470,264,488,293,198,2,81917,279,1102,15516,624,750,912,2877,11,293,982,262,470,264,488,293,198,2,81917,279,1102,15516,624,750,912,2877,11,293,982,262,470,264,488,293,198,2,81917,279,1102,15516,624,750,912,2877,11,293,982,262,470,264,488,293,198,2,81917,279,1102,15516,624,750,912,2877,11,293,982,262]"
handoff-latency-unplugged-04-qwen3-4b-instruct-p512-g64-cpu-FA-practical-r0,qwen3-4b-instruct,hybrid-practical-CPU,cpu,api-20261003T084838Z-PLUGGED_AC,[],True,False,0,,383539.529972124,383549.322933474,mmap,512,64,63,1024,1024,5,512,256,0,15035156075086816172,1.716583228,9.705074527,52.755906055,9.705590829,0.0,0.0,0.0,0.0,0.072608229,5.41634104,11.631468465,15.295353692,0,0,0,0,True,True,True,False,0,0.0,0.0,0.0,"[624,750,912,2877,11,293,982,262,470,264,488,293,198,2,81917,279,1102,15516,624,750,912,2877,11,293,982,262,470,264,488,293,198,2,81917,279,1102,15516,624,750,912,2877,11,293,982,262,470,264,488,293,198,2,81917,279,1102,15516,624,750,912,2877,11,293,982,262,470,264]"
handoff-latency-unplugged-04-qwen3-4b-instruct-p512-g64-cpu-plain-r0,qwen3-4b-instruct,hybrid-latency,cpu,api-20261003T084838Z-PLUGGED_AC,[],True,False,0,,387949.93198565,387969.280681528,mmap,512,64,63,1024,1024,5,512,256,0,15035156075086816172,1.435744582,19.247297753,26.601136771,19.248039211,0.0,0.0,0.0,0.0,0.084926198,5.34252031,11.792187272,24.743200094,0,0,0,0,True,True,True,False,0,0.0,0.0,0.0,"[624,750,912,2877,11,293,982,262,470,264,488,293,198,2,81917,279,1102,15516,624,750,912,2877,11,293,982,262,470,264,488,293,198,2,81917,279,1102,15516,624,750,912,2877,11,293,982,262,470,264,488,293,198,2,81917,279,1102,15516,624,750,912,2877,11,293,982,262,470,264]"
handoff-latency-unplugged-04-qwen3-4b-instruct-p512-g64-cpu-r0,qwen3-4b-instruct,hybrid-latency,cpu,unplugged-04,[],True,False,0,,376167.454432645,376177.607563891,mmap,512,64,63,1024,1024,5,512,256,0,15035156075086816172,1.731628593,10.050927757,50.940571097,10.051508747,0.0,0.0,0.0,0.0,0.075064583,4.984034998,12.640360677,15.240701974,0,0,0,0,True,True,True,False,0,0.0,0.0,0.0,"[624,750,912,2877,11,293,982,262,470,264,488,293,198,2,81917,279,1102,15516,624,750,912,2877,11,293,982,262,470,264,488,293,198,2,81917,279,1102,15516,624,750,912,2877,11,293,982,262,470,264,488,293,198,2,81917,279,1102,15516,624,750,912,2877,11,293,982,262,470,264]"
handoff-latency-unplugged-04-qwen3-4b-instruct-p512-g64-cpu-r1-resume-20261003T194133Z,qwen3-4b-instruct,hybrid-latency,cpu,api-20261003T193303Z-PLUGGED_AC,[],True,False,0,,421585.854131777,421599.783582605,mmap,512,64,63,1024,1024,5,512,256,0,15035156075086816172,3.345933697,13.76660213,37.191457643,13.767604995,0.0,0.0,0.0,0.0,0.110828541,7.044279372,8.943427237,21.098268377,0,0,0,0,True,True,True,False,0,0.0,0.0,0.0,"[624,750,912,2877,11,293,982,262,470,264,488,293,198,2,81917,279,1102,15516,624,750,912,2877,11,293,982,262,470,264,488,293,198,2,81917,279,1102,15516,624,750,912,2877,11,293,982,262,470,264,488,293,198,2,81917,279,1102,15516,624,750,912,2877,11,293,982,262,470,264]"
handoff-latency-unplugged-04-qwen3-4b-instruct-p512-g64-cpu-resident-r0,qwen3-4b-instruct,hybrid-latency,hybrid,api-20261003T084838Z-PLUGGED_AC,[],True,False,0,,388449.232711501,388488.617240132,mmap,512,64,63,1024,1024,5,512,256,0,15035156075086816172,0.490311979,39.287200454,13.032234267,39.288203475,21.456,0.019,0.037,8.619,0.123012084,6.881961664,9.1543666,46.388604462,0,0,0,0,True,True,True,False,0,0.0,0.0,0.0,"[624,750,912,2877,11,293,982,262,470,264,488,293,198,2,81917,279,1102,15516,624,750,912,2877,11,293,982,262,470,264,488,293,198,2,81917,279,1102,15516,624,750,912,2877,11,293,982,262,470,264,488,293,198,2,81917,279,1102,15516,624,750,912,2877,11,293,982,262,470,264]"
handoff-latency-unplugged-04-qwen3-4b-instruct-p512-g64-gpu-auto-r0,qwen3-4b-instruct,hybrid-latency,gpu,api-20261003T084838Z-PLUGGED_AC,[],True,False,0,,388159.51529182,388176.36989723,mmap,512,64,63,1024,1024,5,512,256,99,15035156075086816172,7.486974476,16.840905983,30.402164855,16.841518222,0.0,0.0,0.0,0.0,0.164125156,10.409946923,6.051904055,27.277613895,0,0,0,0,True,True,True,False,0,0.0,0.0,0.0,"[624,750,912,2877,11,293,982,262,470,264,488,293,198,2,81917,279,1102,15516,624,750,912,2877,11,293,982,262,470,264,488,293,198,2,81917,279,1102,15516,624,750,912,2877,11,293,982,262,470,264,488,293,198,2,81917,279,1102,15516,624,750,912,2877,11,293,982,262,470,264]"
handoff-latency-unplugged-04-qwen3-4b-instruct-p512-g64-gpu-r0,qwen3-4b-instruct,hybrid-latency,gpu,unplugged-04,[],True,False,0,,376231.938826266,376248.798212353,mmap,512,64,63,1024,1024,5,512,256,99,15035156075086816172,5.450157654,16.844008691,30.396564701,16.844662545,0.0,0.0,0.0,0.0,0.168445572,10.275711506,6.130962315,27.147589364,0,0,0,0,True,True,True,False,0,0.0,0.0,0.0,"[624,750,912,2877,11,293,982,262,470,264,488,293,198,2,81917,279,1102,15516,624,750,912,2877,11,293,982,262,470,264,488,293,198,2,81917,279,1102,15516,624,750,912,2877,11,293,982,262,470,264,488,293,198,2,81917,279,1102,15516,624,750,912,2877,11,293,982,262,470,264]"
handoff-latency-unplugged-04-qwen3-4b-instruct-p512-g64-gpu-r1,qwen3-4b-instruct,hybrid-latency,gpu,unplugged-04,[],True,False,0,,376449.714782016,376466.578555864,mmap,512,64,63,1024,1024,5,512,256,99,15035156075086816172,5.427481978,16.843654837,30.397203277,16.844244004,0.0,0.0,0.0,0.0,0.164075,10.421947235,6.044935613,27.297622489,0,0,0,0,True,True,True,False,0,0.0,0.0,0.0,"[624,750,912,2877,11,293,982,262,470,264,488,293,198,2,81917,279,1102,15516,624,750,912,2877,11,293,982,262,470,264,488,293,198,2,81917,279,1102,15516,624,750,912,2877,11,293,982,262,470,264,488,293,198,2,81917,279,1102,15516,624,750,912,2877,11,293,982,262,470,264]"
handoff-latency-unplugged-04-qwen3-4b-instruct-p512-g64-hybrid-r0,qwen3-4b-instruct,hybrid-latency,hybrid,unplugged-04,[],True,False,0,,376308.173554674,376325.069178262,mmap,512,64,63,1024,1024,5,512,256,99,15035156075086816172,5.240692967,16.820253119,30.439494363,16.820866452,299.046,203.272,85.075,3.63,0.073750625,4.737282602,13.298763298,21.992811606,0,2172258304,150994944,2172387328,True,True,True,False,0,0.0,0.0,0.0,"[624,750,912,2877,11,293,982,262,470,264,488,293,198,2,81917,279,1102,15516,624,750,912,2877,11,293,982,262,470,264,488,293,198,2,81917,279,1102,15516,624,750,912,2877,11,293,982,262,470,264,488,293,198,2,81917,279,1102,15516,624,750,912,2877,11,293,982,262,470,264]"
handoff-latency-unplugged-04-qwen3-4b-instruct-p512-g64-hybrid-r1,qwen3-4b-instruct,hybrid-latency,hybrid,unplugged-04,[],True,False,0,,376378.892854647,376395.790287662,mmap,512,64,63,1024,1024,5,512,256,99,15035156075086816172,5.342677341,16.827005098,30.427280257,16.827611869,241.874,153.196,81.307,3.56,0.071821667,4.734940467,13.305341522,21.936600981,0,2172258304,150994944,2172387328,True,True,True,False,0,0.0,0.0,0.0,"[624,750,912,2877,11,293,982,262,470,264,488,293,198,2,81917,279,1102,15516,624,750,912,2877,11,293,982,262,470,264,488,293,198,2,81917,279,1102,15516,624,750,912,2877,11,293,982,262,470,264,488,293,198,2,81917,279,1102,15516,624,750,912,2877,11,293,982,262,470,264]"
handoff-latency-unplugged-04-qwen3-4b-instruct-p512-g64-mapped-keep-r0,qwen3-4b-instruct,hybrid-latency,hybrid,api-20261003T084838Z-PLUGGED_AC,[],True,False,0,,388767.570798203,388784.454069707,mmap,512,64,63,1024,1024,5,512,256,99,15035156075086816172,5.620677082,16.819055307,30.441662189,16.819668015,132.819,0.041,120.907,4.987,0.098643386,5.048662551,12.478552362,22.127196086,0,2172258304,150994944,0,True,True,True,False,0,0.0,0.0,0.0,"[624,750,912,2877,11,293,982,262,470,264,488,293,198,2,81917,279,1102,15516,624,750,912,2877,11,293,982,262,470,264,488,293,198,2,81917,279,1102,15516,624,750,912,2877,11,293,982,262,470,264,488,293,198,2,81917,279,1102,15516,624,750,912,2877,11,293,982,262,470,264]"
handoff-latency-unplugged-04-qwen3-4b-instruct-p512-g64-partial-half-r0,qwen3-4b-instruct,hybrid-latency,hybrid,api-20261003T084838Z-PLUGGED_AC,[],True,False,0,,388947.078586572,388960.029496931,mmap,512,64,63,1024,1024,5,512,256,18,15035156075086816172,4.813985154,12.847763953,39.851292557,12.848432911,143.53,90.758,39.601,3.574,0.071528802,4.622337134,13.629468854,17.787920566,0,1029342208,71303168,1029403136,True,True,True,False,0,0.0,0.0,0.0,"[624,750,912,2877,11,293,982,262,470,264,488,293,198,2,81917,279,1102,15516,624,750,912,2877,11,293,982,262,470,264,488,293,198,2,81917,279,1102,15516,624,750,912,2877,11,293,982,262,470,264,488,293,198,2,81917,279,1102,15516,624,750,912,2877,11,293,982,262,470,264]"
handoff-latency-unplugged-04-qwen3-4b-instruct-p512-g64-partial-low-r0,qwen3-4b-instruct,hybrid-latency,hybrid,api-20261003T084838Z-PLUGGED_AC,[],True,False,0,,390735.128511723,390746.134152656,mmap,512,64,63,1024,1024,5,512,256,4,15035156075086816172,3.186941561,10.917897339,46.895476675,10.918466141,30.028,12.977,7.93,3.7,0.151354218,5.340309477,11.797069116,16.461755254,0,191675392,12582912,191686144,True,True,True,False,0,0.0,0.0,0.0,"[624,750,912,2877,11,293,982,262,470,264,488,293,198,2,81917,279,1102,15516,624,750,912,2877,11,293,982,262,470,264,488,293,198,2,81917,279,1102,15516,624,750,912,2877,11,293,982,262,470,264,488,293,198,2,81917,279,1102,15516,624,750,912,2877,11,293,982,262,470,264]"
handoff-latency-unplugged-04-qwen3-4b-instruct-p8192-g128-cpu-FA-canonical-r0,qwen3-4b-instruct,hybrid-CPU-layout-control,cpu,api-20261003T084838Z-PLUGGED_AC,[],True,False,0,,398281.577634782,399041.60542496,mmap,8192,128,127,8704,8704,5,512,256,0,17564863177223858684,1.797807604,759.931862575,10.779913836,759.93279596,0.0,0.0,0.0,0.0,0.344480573,40.265994412,3.154026167,800.389765528,0,0,0,0,True,True,True,False,0,0.0,0.0,0.0,"[198,2,81917,279,1102,15516,624,750,912,2877,11,293,982,262,470,264,488,293,198,2,81917,279,1102,15516,624,750,912,2877,11,293,982,262,470,264,488,293,198,2,81917,279,1102,15516,624,750,912,2877,11,293,982,262,470,264,488,293,198,2,81917,279,1102,15516,624,750,912,2877,11,293,982,262,470,264,488,293,198,2,81917,279,1102,15516,624,750,912,2877,11,293,982,262,470,264,488,293,198,2,81917,279,1102,15516,624,750,912,2877,11,293,982,262,470,264,488,293,198,2,81917,279,1102,15516,624,750,912,2877,11,293,982,262,470,264,488,293,198,2]"
handoff-latency-unplugged-04-qwen3-4b-instruct-p8192-g128-cpu-FA-canonical-r1,qwen3-4b-instruct,hybrid-CPU-layout-control,cpu,api-20261003T084838Z-PLUGGED_AC,[],True,False,0,,399362.152040723,400111.141316948,mmap,8192,128,127,8704,8704,5,512,256,0,17564863177223858684,1.76308875,748.902110027,10.938679288,748.903031069,0.0,0.0,0.0,0.0,0.307828802,40.224951495,3.157244329,789.305552303,0,0,0,0,True,True,True,False,0,0.0,0.0,0.0,"[198,2,81917,279,1102,15516,624,750,912,2877,11,293,982,262,470,264,488,293,198,2,81917,279,1102,15516,624,750,912,2877,11,293,982,262,470,264,488,293,198,2,81917,279,1102,15516,624,750,912,2877,11,293,982,262,470,264,488,293,198,2,81917,279,1102,15516,624,750,912,2877,11,293,982,262,470,264,488,293,198,2,81917,279,1102,15516,624,750,912,2877,11,293,982,262,470,264,488,293,198,2,81917,279,1102,15516,624,750,912,2877,11,293,982,262,470,264,488,293,198,2,81917,279,1102,15516,624,750,912,2877,11,293,982,262,470,264,488,293,198,2]"
handoff-latency-unplugged-04-qwen3-4b-instruct-p8192-g128-cpu-FA-practical-r0,qwen3-4b-instruct,hybrid-practical-CPU,cpu,unplugged-04,"[""Power transition observed or possible within measurement interval""]",False,False,0,,381366.628770297,382000.736676826,mmap,8192,128,127,8704,8704,5,512,256,0,17564863177223858684,2.404413437,633.957464134,12.9220026,633.958649342,0.0,0.0,0.0,0.0,0.447272657,54.329068313,2.337606809,688.571871821,0,0,0,0,True,True,True,False,0,0.0,0.0,0.0,"[198,2,81917,279,1102,15516,624,750,912,2877,11,293,982,262,470,264,488,293,198,2,81917,279,1102,15516,624,750,912,2877,11,293,982,262,470,264,488,293,198,2,81917,279,1102,15516,624,750,912,2877,11,293,982,262,470,264,488,293,198,2,81917,279,1102,15516,624,750,912,2877,11,293,982,262,470,264,488,293,198,2,81917,279,1102,15516,624,750,912,2877,11,293,982,262,470,264,488,293,198,2,81917,279,1102,15516,624,750,912,2877,11,293,982,262,470,264,488,293,198,2,81917,279,1102,15516,624,750,912,2877,11,293,982,262,470,264,488,293,198,2]"
handoff-latency-unplugged-04-qwen3-4b-instruct-p8192-g128-cpu-FA-practical-r1,qwen3-4b-instruct,hybrid-practical-CPU,cpu,api-20261003T084838Z-PLUGGED_AC,[],True,False,0,,382491.875810753,383106.500501352,mmap,8192,128,127,8704,8704,5,512,256,0,17564863177223858684,2.999675832,614.456353776,13.33211049,614.469305859,0.0,0.0,0.0,0.0,0.400358645,51.910148782,2.44653508,666.700680735,0,0,0,0,True,True,True,False,0,0.0,0.0,0.0,"[198,2,81917,279,1102,15516,624,750,912,2877,11,293,982,262,470,264,488,293,198,2,81917,279,1102,15516,624,750,912,2877,11,293,982,262,470,264,488,293,198,2,81917,279,1102,15516,624,750,912,2877,11,293,982,262,470,264,488,293,198,2,81917,279,1102,15516,624,750,912,2877,11,293,982,262,470,264,488,293,198,2,81917,279,1102,15516,624,750,912,2877,11,293,982,262,470,264,488,293,198,2,81917,279,1102,15516,624,750,912,2877,11,293,982,262,470,264,488,293,198,2,81917,279,1102,15516,624,750,912,2877,11,293,982,262,470,264,488,293,198,2]"
handoff-latency-unplugged-04-qwen3-4b-instruct-p8192-g128-cpu-r0,qwen3-4b-instruct,hybrid-latency,cpu,unplugged-04,[],True,False,0,,377745.787972615,378344.178379991,mmap,8192,128,127,8704,8704,5,512,256,0,17564863177223858684,2.793678749,598.199608574,13.694425544,598.232947845,0.0,0.0,0.0,0.0,0.274869688,35.617910768,3.565621825,634.130089654,0,0,0,0,True,True,True,False,0,0.0,0.0,0.0,"[198,2,81917,279,1102,15516,624,750,912,2877,11,293,982,262,470,264,488,293,198,2,81917,279,1102,15516,624,750,912,2877,11,293,982,262,470,264,488,293,198,2,81917,279,1102,15516,624,750,912,2877,11,293,982,262,470,264,488,293,198,2,81917,279,1102,15516,624,750,912,2877,11,293,982,262,470,264,488,293,198,2,81917,279,1102,15516,624,750,912,2877,11,293,982,262,470,264,488,293,198,2,81917,279,1102,15516,624,750,912,2877,11,293,982,262,470,264,488,293,198,2,81917,279,1102,15516,624,750,912,2877,11,293,982,262,470,264,488,293,198,2]"
handoff-latency-unplugged-04-qwen3-4b-instruct-p8192-g128-cpu-r1,qwen3-4b-instruct,hybrid-latency,cpu,api-20261003T084838Z-PLUGGED_AC,[],True,False,0,,390819.975550545,391371.709065595,mmap,8192,128,127,8704,8704,5,512,256,0,17564863177223858684,2.334869531,551.543396768,14.8528657,551.54431005,0.0,0.0,0.0,0.0,0.233883593,32.814956654,3.870186432,584.655985089,0,0,0,0,True,True,True,False,0,0.0,0.0,0.0,"[198,2,81917,279,1102,15516,624,750,912,2877,11,293,982,262,470,264,488,293,198,2,81917,279,1102,15516,624,750,912,2877,11,293,982,262,470,264,488,293,198,2,81917,279,1102,15516,624,750,912,2877,11,293,982,262,470,264,488,293,198,2,81917,279,1102,15516,624,750,912,2877,11,293,982,262,470,264,488,293,198,2,81917,279,1102,15516,624,750,912,2877,11,293,982,262,470,264,488,293,198,2,81917,279,1102,15516,624,750,912,2877,11,293,982,262,470,264,488,293,198,2,81917,279,1102,15516,624,750,912,2877,11,293,982,262,470,264,488,293,198,2]"
handoff-latency-unplugged-04-qwen3-4b-instruct-p8192-g128-gpu-r0,qwen3-4b-instruct,hybrid-latency,gpu,unplugged-04,[],True,False,0,,378656.793770914,379021.392794681,mmap,8192,128,127,8704,8704,5,512,256,99,17564863177223858684,7.45393833,364.581893975,22.469574423,364.582604444,0.0,0.0,0.0,0.0,0.31353052,47.761622169,2.659038664,412.372594061,0,0,0,0,True,True,True,False,0,0.0,0.0,0.0,"[198,2,81917,279,1102,15516,624,750,912,2877,11,293,982,262,470,264,488,293,198,2,81917,279,1102,15516,624,750,912,2877,11,293,982,262,470,264,488,293,198,2,81917,279,1102,15516,624,750,912,2877,11,293,982,262,470,264,488,293,198,2,81917,279,1102,15516,624,750,912,2877,11,293,982,262,470,264,488,293,198,2,81917,279,1102,15516,624,750,912,2877,11,293,982,262,470,264,488,293,198,2,81917,279,1102,15516,624,750,912,2877,11,293,982,262,470,264,488,293,198,2,81917,279,1102,15516,624,750,912,2877,11,293,982,262,470,264,488,293,198,2]"
handoff-latency-unplugged-04-qwen3-4b-instruct-p8192-g128-gpu-r1,qwen3-4b-instruct,hybrid-latency,gpu,unplugged-04,[],True,False,0,,380133.439652173,380497.834263701,mmap,8192,128,127,8704,8704,5,512,256,99,17564863177223858684,6.164753956,364.378108403,22.482140971,364.378673507,0.0,0.0,0.0,0.0,0.280066354,47.147337326,2.693683402,411.557044062,0,0,0,0,True,True,True,False,0,0.0,0.0,0.0,"[198,2,81917,279,1102,15516,624,750,912,2877,11,293,982,262,470,264,488,293,198,2,81917,279,1102,15516,624,750,912,2877,11,293,982,262,470,264,488,293,198,2,81917,279,1102,15516,624,750,912,2877,11,293,982,262,470,264,488,293,198,2,81917,279,1102,15516,624,750,912,2877,11,293,982,262,470,264,488,293,198,2,81917,279,1102,15516,624,750,912,2877,11,293,982,262,470,264,488,293,198,2,81917,279,1102,15516,624,750,912,2877,11,293,982,262,470,264,488,293,198,2,81917,279,1102,15516,624,750,912,2877,11,293,982,262,470,264,488,293,198,2]"
handoff-latency-unplugged-04-qwen3-4b-instruct-p8192-g128-hybrid-r0,qwen3-4b-instruct,hybrid-latency,hybrid,unplugged-04,[],True,False,0,,379200.318513311,379564.385184213,mmap,8192,128,127,8704,8704,5,512,256,99,17564863177223858684,6.876890674,364.008650278,22.504959686,364.009337882,995.357,219.161,734.948,3.76,0.554466979,26.015933115,4.881623866,391.132657455,0,2172258304,1283457024,2172387328,True,True,True,False,0,0.0,0.0,0.0,"[198,2,81917,279,1102,15516,624,750,912,2877,11,293,982,262,470,264,488,293,198,2,81917,279,1102,15516,624,750,912,2877,11,293,982,262,470,264,488,293,198,2,81917,279,1102,15516,624,750,912,2877,11,293,982,262,470,264,488,293,198,2,81917,279,1102,15516,624,750,912,2877,11,293,982,262,470,264,488,293,198,2,81917,279,1102,15516,624,750,912,2877,11,293,982,262,470,264,488,293,198,2,81917,279,1102,15516,624,750,912,2877,11,293,982,262,470,264,488,293,198,2,81917,279,1102,15516,624,750,912,2877,11,293,982,262,470,264,488,293,198,2]"
handoff-latency-unplugged-04-qwen3-4b-instruct-p8192-g128-hybrid-r1,qwen3-4b-instruct,hybrid-latency,hybrid,unplugged-04,[],True,False,0,,379644.952554912,380008.673547273,mmap,8192,128,127,8704,8704,5,512,256,99,17564863177223858684,7.002624685,363.662516215,22.526379912,363.66319559,975.973,179.332,737.831,3.986,0.48837,39.370817798,3.225739446,404.125328075,0,2172258304,1283457024,2172387328,True,True,True,False,0,0.0,0.0,0.0,"[198,2,81917,279,1102,15516,624,750,912,2877,11,293,982,262,470,264,488,293,198,2,81917,279,1102,15516,624,750,912,2877,11,293,982,262,470,264,488,293,198,2,81917,279,1102,15516,624,750,912,2877,11,293,982,262,470,264,488,293,198,2,81917,279,1102,15516,624,750,912,2877,11,293,982,262,470,264,488,293,198,2,81917,279,1102,15516,624,750,912,2877,11,293,982,262,470,264,488,293,198,2,81917,279,1102,15516,624,750,912,2877,11,293,982,262,470,264,488,293,198,2,81917,279,1102,15516,624,750,912,2877,11,293,982,262,470,264,488,293,198,2]"
handoff-quality-qwen2.5-coder-1.5b-cpu,qwen2.5-coder-1.5b,hybrid-quality,cpu,unplugged-02,[],True,False,0,,,,mmap,128,32,31,512,512,4,128,128,0,8374067816799326716,1.215488437,1.039352239,123.153628959,1.040477083,0.0,0.0,0.0,0.0,0.02901875,0.912214114,33.983249683,1.952707447,0,0,0,0,True,True,True,True,0,0.0,0.0,0.0,"[198,2,81917,279,1102,15516,624,750,912,2877,11,293,982,262,470,264,488,293,198,2,81917,279,1102,15516,624,750,912,2877,11,293,982,262]"
handoff-quality-qwen2.5-coder-1.5b-mapped-drop,qwen2.5-coder-1.5b,hybrid-quality,hybrid,unplugged-02,[],True,False,0,,,,mmap,128,32,31,512,512,4,128,128,99,8374067816799326716,2.429930937,1.576824062,81.175828734,1.59337552,116.897,73.541,28.947,12.26,0.064470052,1.597044114,19.410860181,3.307359114,0,980097536,14680064,980169216,True,True,True,True,32,0.081430139,0.653246015,2.1803e-05,"[198,2,81917,279,1102,15516,624,750,912,2877,11,293,982,262,470,264,488,293,198,2,81917,279,1102,15516,624,750,912,2877,11,293,982,262]"
handoff-quality-v2-qwen2.5-coder-1.5b-cpu,qwen2.5-coder-1.5b,hybrid-quality,cpu,unplugged-02,[],True,True,0,,365221.957690414,365226.678251454,mmap,128,32,31,512,512,4,128,128,0,8374067816799326716,2.440050312,4.693039009,27.274437684,4.69462854,0.0,0.0,0.0,0.0,0.081727343,4.317851769,7.179496115,9.062343017,0,0,0,0,True,True,True,True,0,0.0,0.0,0.0,"[198,2,81917,279,1102,15516,624,750,912,2877,11,293,982,262,470,264,488,293,198,2,81917,279,1102,15516,624,750,912,2877,11,293,982,262]"
handoff-quality-v2-qwen2.5-coder-1.5b-mapped-drop,qwen2.5-coder-1.5b,hybrid-quality,hybrid,unplugged-02,"[""CPU availability or Android cgroup changed during measurement"",""Benchmark process Android cgroup changed during measurement""]",False,True,0,,365266.93153899,365268.710432844,mmap,128,32,31,512,512,4,128,128,99,8374067816799326716,2.48602177,1.758459479,72.790986388,1.763430625,99.444,65.695,27.623,4.175,0.038240677,1.33783,23.171852926,3.232249322,0,774852608,14680064,774924288,True,True,True,True,32,0.082568607,0.62298584,2.187e-05,"[198,2,81917,279,1102,15516,624,750,912,2877,11,293,982,262,470,264,488,293,198,2,81917,279,1102,15516,624,750,912,2877,11,293,982,262]"
handoff-quality-v2-qwen2.5-coder-1.5b-readback,qwen2.5-coder-1.5b,hybrid-quality,hybrid,unplugged-02,[],True,True,0,,365304.768809236,365306.352742829,readback,128,32,31,512,512,4,128,128,99,8374067816799326716,2.284425885,1.572414427,81.403475955,1.576400624,2640.572,2612.425,23.097,3.212,0.039806823,1.183319114,26.197497897,5.42113505,774852608,774852608,14680064,774924288,True,True,True,True,32,0.082568607,0.62298584,2.187e-05,"[198,2,81917,279,1102,15516,624,750,912,2877,11,293,982,262,470,264,488,293,198,2,81917,279,1102,15516,624,750,912,2877,11,293,982,262]"
handoff-quality-v2-qwen2.5-coder-7b-CPU-FA,qwen2.5-coder-7b,hybrid-quality,cpu,unplugged-04,[],True,True,0,,375761.60249707,375766.556109777,mmap,128,32,31,512,512,4,128,128,0,8374067816799326716,7.276705674,4.784099373,26.755297083,4.79366354,0.0,0.0,0.0,0.0,0.121591823,3.94869328,7.850698396,9.01687958,0,0,0,0,True,True,True,True,32,0.08061072,1.783953905,1.6261e-05,"[198,2,81917,279,1102,15516,624,750,912,2877,11,293,982,262,470,264,488,293,198,2,81917,279,1102,15516,624,750,912,2877,11,293,982,262]"
handoff-quality-v2-qwen2.5-coder-7b-control,qwen2.5-coder-7b,hybrid-quality,gpu,unplugged-02,[],True,True,0,,365770.569682757,365783.996322022,mmap,128,32,31,512,512,4,128,128,99,8374067816799326716,15.831106088,13.338833589,9.596041449,13.377667859,0.0,0.0,0.0,0.0,0.440841822,9.818418121,3.157331417,23.288933376,0,0,0,0,True,True,True,True,32,0.064885639,0.686076164,2.0007e-05,"[198,2,81917,279,1102,15516,624,750,912,2877,11,293,982,262,470,264,488,293,198,2,81917,279,1102,15516,624,750,912,2877,11,293,982,262]"
handoff-quality-v2-qwen2.5-coder-7b-cpu,qwen2.5-coder-7b,hybrid-quality,cpu,unplugged-02,[],True,True,0,,365688.890801277,365693.907415129,mmap,128,32,31,512,512,4,128,128,0,8374067816799326716,6.544391039,4.872078384,26.272155313,4.878309217,0.0,0.0,0.0,0.0,0.118855469,8.099324684,3.8274796,13.23069312,0,0,0,0,True,True,True,True,0,0.0,0.0,0.0,"[198,2,81917,279,1102,15516,624,750,912,2877,11,293,982,262,470,264,488,293,198,2,81917,279,1102,15516,624,750,912,2877,11,293,982,262]"
handoff-quality-v2-qwen2.5-coder-7b-cpu-FA-canonical,qwen2.5-coder-7b,hybrid-CPU-layout-quality,cpu,api-20261003T084838Z-PLUGGED_AC,[],True,True,0,,384068.637062756,384084.18990275,mmap,128,32,31,512,512,4,128,128,0,8374067816799326716,3.183872655,15.404238432,8.309401375,15.416781974,0.0,0.0,0.0,0.0,0.171177292,5.435279946,5.703478074,21.111878169,0,0,0,0,True,True,True,True,32,0.083412111,1.857484818,2.08e-05,"[198,2,81917,279,1102,15516,624,750,912,2877,11,293,982,262,470,264,488,293,198,2,81917,279,1102,15516,624,750,912,2877,11,293,982,262]"
handoff-quality-v2-qwen2.5-coder-7b-mapped-drop,qwen2.5-coder-7b,hybrid-quality,hybrid,unplugged-02,[],True,True,0,,365865.375377668,365872.896410738,mmap,128,32,31,512,512,4,128,128,99,8374067816799326716,15.268289995,7.324431247,17.475759644,7.352992549,585.487,529.187,40.037,3.973,1.12524651,14.092669578,2.199725171,22.280351189,0,3923490816,29360128,3923591168,True,True,True,True,32,0.067411837,0.521922112,1.5024e-05,"[198,2,81917,279,1102,15516,624,750,912,2877,11,293,982,262,470,264,488,293,198,2,81917,279,1102,15516,624,750,912,2877,11,293,982,262]"
handoff-quality-v2-qwen2.5-coder-7b-mapped-keep,qwen2.5-coder-7b,hybrid-quality,hybrid,charging-03,[],True,True,0,,370543.001334061,370550.323097444,mmap,128,32,31,512,512,4,128,128,99,8374067816799326716,17.220855774,7.276201872,17.591595485,7.286710362,52.751,0.06,44.464,3.913,2.593782082,187.517421074,0.165317973,194.938628623,0,3923490816,29360128,0,True,True,True,True,32,0.067411837,0.521922112,1.5024e-05,"[198,2,81917,279,1102,15516,624,750,912,2877,11,293,982,262,470,264,488,293,198,2,81917,279,1102,15516,624,750,912,2877,11,293,982,262]"
handoff-quality-v2-qwen2.5-coder-7b-partial-half,qwen2.5-coder-7b,hybrid-quality,hybrid,charging-03,[],True,True,0,,370782.749809595,370789.039078707,mmap,128,32,31,512,512,4,128,128,14,8374067816799326716,9.783192601,6.071068644,21.083602823,6.17824104,145.195,123.977,13.742,2.962,0.182114323,4.281771509,7.239993992,10.790072548,0,1830617088,13631488,1830663680,True,True,True,True,32,0.061504632,0.42523551,1.1436e-05,"[198,2,81917,279,1102,15516,624,750,912,2877,11,293,982,262,470,264,488,293,198,2,81917,279,1102,15516,624,750,912,2877,11,293,982,262]"
handoff-quality-v2-qwen3-4b-instruct-CPU-FA,qwen3-4b-instruct,hybrid-quality,cpu,unplugged-04,[],True,True,0,,374740.686007043,374743.473585219,mmap,128,32,31,512,512,4,128,128,0,8374067816799326716,2.596864582,2.70038427,47.40066124,2.710094947,0.0,0.0,0.0,0.0,0.077958282,2.502229895,12.388949577,5.36564781,0,0,0,0,True,True,True,True,32,0.403866732,8.086387455,6.784e-05,"[198,2,81917,279,1102,15516,624,750,912,2877,11,293,982,262,470,264,488,293,198,2,81917,279,1102,15516,624,750,912,2877,11,293,982,262]"
handoff-quality-v2-qwen3-4b-instruct-control,qwen3-4b-instruct,hybrid-quality,gpu,unplugged-02,[],True,True,0,,365391.868522849,365396.125157795,mmap,128,32,31,512,512,4,128,128,99,8374067816799326716,7.028823643,4.234545884,30.227562413,4.238098488,0.0,0.0,0.0,0.0,0.160085208,4.799688332,6.458752706,9.06200833,0,0,0,0,True,True,True,True,32,0.4773669,8.143369675,6.7715e-05,"[198,2,81917,279,1102,15516,624,750,912,2877,11,293,982,262,470,264,488,293,198,2,81917,279,1102,15516,624,750,912,2877,11,293,982,262]"
handoff-quality-v2-qwen3-4b-instruct-cpu,qwen3-4b-instruct,hybrid-quality,cpu,unplugged-02,[],True,True,0,,365345.64016245,365348.950663334,mmap,128,32,31,512,512,4,128,128,0,8374067816799326716,3.063285572,3.222323436,39.722890188,3.223776144,0.0,0.0,0.0,0.0,0.080556615,2.483518905,12.482288714,5.863371195,0,0,0,0,True,True,True,True,0,0.0,0.0,0.0,"[198,2,81917,279,1102,15516,624,750,912,2877,11,293,982,262,470,264,488,293,198,2,81917,279,1102,15516,624,750,912,2877,11,293,982,262]"
handoff-quality-v2-qwen3-4b-instruct-cpu-FA-canonical,qwen3-4b-instruct,hybrid-CPU-layout-quality,cpu,api-20261003T084838Z-PLUGGED_AC,[],True,True,0,,384007.230270279,384013.436322204,mmap,128,32,31,512,512,4,128,128,0,8374067816799326716,0.506236563,6.124369112,20.90011194,6.134663435,0.0,0.0,0.0,0.0,0.097836875,3.118411874,9.94095753,9.39469359,0,0,0,0,True,True,True,True,32,0.362886079,4.767963409,2.4788e-05,"[198,2,81917,279,1102,15516,624,750,912,2877,11,293,982,262,470,264,488,293,198,2,81917,279,1102,15516,624,750,912,2877,11,293,982,262]"
handoff-quality-v2-qwen3-4b-instruct-mapped-drop,qwen3-4b-instruct,hybrid-quality,hybrid,unplugged-02,[],True,True,0,,365439.658793247,365443.972397673,mmap,128,32,31,512,512,4,128,128,99,8374067816799326716,5.481536769,4.244275624,30.158267591,4.247937603,262.729,194.304,62.392,3.613,0.078046771,2.395585416,12.940469496,7.026770831,0,2172258304,75497472,2172387328,True,True,True,True,32,0.486493561,8.184474945,6.1679e-05,"[198,2,81917,279,1102,15516,624,750,912,2877,11,293,982,262,470,264,488,293,198,2,81917,279,1102,15516,624,750,912,2877,11,293,982,262]"
handoff-quality-v2-qwen3-4b-instruct-mapped-keep,qwen3-4b-instruct,hybrid-quality,hybrid,unplugged-02,[],True,True,0,,365484.862625209,365489.202155156,mmap,128,32,31,512,512,4,128,128,99,8374067816799326716,5.315018123,4.281189634,29.898231787,4.284653176,79.859,0.039,71.931,4.74,0.080879115,2.374807968,13.053687042,6.862194737,0,2172258304,75497472,0,True,True,True,True,32,0.486493561,8.184474945,6.1679e-05,"[198,2,81917,279,1102,15516,624,750,912,2877,11,293,982,262,470,264,488,293,198,2,81917,279,1102,15516,624,750,912,2877,11,293,982,262]"
handoff-quality-v2-qwen3-4b-instruct-partial-half,qwen3-4b-instruct,hybrid-quality,hybrid,unplugged-02,[],True,True,0,,365547.328833935,365550.917548309,mmap,128,32,31,512,512,4,128,128,18,8374067816799326716,4.008369634,3.502545832,36.54484656,3.515436926,139.734,98.747,29.559,3.446,0.099557604,2.577941041,12.025100461,6.356962602,0,1029342208,35651584,1029403136,True,True,True,True,32,0.22576628,1.471164942,1.2632e-05,"[198,2,81917,279,1102,15516,624,750,912,2877,11,293,982,262,470,264,488,293,198,2,81917,279,1102,15516,624,750,912,2877,11,293,982,262]"
handoff-quality-v2-qwen3-4b-instruct-readback,qwen3-4b-instruct,hybrid-quality,hybrid,unplugged-02,[],True,True,0,,365614.418895056,365618.691401096,readback,128,32,31,512,512,4,128,128,99,8374067816799326716,6.817185727,4.252959685,30.096687832,4.260047342,6552.809,6486.331,60.583,3.481,0.091168229,2.639132759,11.746282901,13.496487234,2172258304,2172258304,75497472,2172387328,True,True,True,True,32,0.486493561,8.184474945,6.1679e-05,"[198,2,81917,279,1102,15516,624,750,912,2877,11,293,982,262,470,264,488,293,198,2,81917,279,1102,15516,624,750,912,2877,11,293,982,262]"
npu-hybrid-quality-v1-qwen2.5-coder-1.5b-cpu,qwen2.5-coder-1.5b,npu-hybrid-quality,cpu,api-20261003T210139Z-UNPLUGGED,[],True,True,0,,429068.101387152,429069.197620745,mmap,128,32,31,512,512,4,128,128,0,8374067816799326716,1.296402135,1.048119166,122.123518157,1.049380729,0.0,0.0,0.0,0.0,0.031489375,0.984959427,31.473377634,2.125736926,0,0,0,0,True,True,True,True,0,0.0,0.0,0.0,"[198,2,81917,279,1102,15516,624,750,912,2877,11,293,982,262,470,264,488,293,198,2,81917,279,1102,15516,624,750,912,2877,11,293,982,262]"
npu-hybrid-quality-v1-qwen2.5-coder-1.5b-gpu,qwen2.5-coder-1.5b,npu-hybrid-quality,gpu,api-20261003T210139Z-UNPLUGGED,[],True,True,0,,429184.778890024,429184.948260493,mmap,128,32,31,512,512,4,128,128,99,8374067816799326716,1.638869218,0.152346875,840.187893582,0.162953646,0.0,0.0,0.0,0.0,0.035593229,1.113056458,27.851237713,1.285866197,0,0,0,0,True,True,True,True,32,0.077638612,0.606399536,2.0493e-05,"[198,2,81917,279,1102,15516,624,750,912,2877,11,293,982,262,470,264,488,293,198,2,81917,279,1102,15516,624,750,912,2877,11,293,982,262]"
npu-hybrid-quality-v1-qwen2.5-coder-1.5b-hybrid,qwen2.5-coder-1.5b,npu-hybrid-quality,hybrid,api-20261003T210139Z-UNPLUGGED,[],True,True,0,,429276.808391916,429277.032564676,mmap,128,32,31,512,512,4,128,128,99,8374067816799326716,2.473480936,0.152904792,837.122227013,0.16946776,64.553,3.042,26.556,4.089,0.049249792,1.557154687,19.908105636,1.89178302,0,980097536,14680064,1073199104,True,True,True,True,32,0.088539266,0.833395004,2.9234e-05,"[198,2,81917,279,1102,15516,624,750,912,2877,11,293,982,262,470,264,488,293,198,2,81917,279,1102,15516,624,750,912,2877,11,293,982,262]"
npu-hybrid-quality-v1-qwen3-4b-instruct-cpu,qwen3-4b-instruct,npu-hybrid-quality,cpu,api-20261003T210139Z-UNPLUGGED,[],True,True,0,,429324.655221742,429328.058307417,mmap,128,32,31,512,512,4,128,128,0,8374067816799326716,3.41228526,3.296038905,38.834493066,3.297470832,0.0,0.0,0.0,0.0,0.094919531,2.473138749,12.534678862,5.979354633,0,0,0,0,True,True,True,True,0,0.0,0.0,0.0,"[198,2,81917,279,1102,15516,624,750,912,2877,11,293,982,262,470,264,488,293,198,2,81917,279,1102,15516,624,750,912,2877,11,293,982,262]"
npu-hybrid-quality-v1-qwen3-4b-instruct-gpu,qwen3-4b-instruct,npu-hybrid-quality,gpu,api-20261003T210139Z-UNPLUGGED,[],True,True,0,,429378.234433648,429378.788255419,mmap,128,32,31,512,512,4,128,128,99,8374067816799326716,5.077642498,0.533847448,239.7688712,0.543990625,0.0,0.0,0.0,0.0,0.091861094,2.716082291,11.413498075,3.277834478,0,0,0,0,True,True,True,True,32,0.749098932,14.832848549,0.000109455,"[198,2,81917,279,1102,15516,624,750,912,2877,11,293,982,262,470,264,488,293,198,2,81917,279,1102,15516,624,750,912,2877,11,293,982,262]"
npu-hybrid-quality-v1-qwen3-4b-instruct-hybrid,qwen3-4b-instruct,npu-hybrid-quality,hybrid,api-20261003T210139Z-UNPLUGGED,[],True,True,0,,429519.038838907,429519.65893224,mmap,128,32,31,512,512,4,128,128,99,8374067816799326716,7.454598382,0.527288333,242.751435959,0.546011198,111.768,17.203,80.148,6.31,0.163792188,4.056191561,7.642637073,4.873847654,0,2491323904,75497472,2735806464,True,True,True,True,32,0.514195774,8.352983236,6.4467e-05,"[198,2,81917,279,1102,15516,624,750,912,2877,11,293,982,262,470,264,488,293,198,2,81917,279,1102,15516,624,750,912,2877,11,293,982,262]"
